<aetgt:getResponse xmlns:aetgt="http://schemas.active-endpoints.com/appmodules/repository/2010/10/avrepository.xsd"
                   xmlns:types1="http://schemas.active-endpoints.com/appmodules/repository/2010/10/avrepository.xsd">
   <types1:Item>
      <types1:EntryId>LEhynzYLnzYLnzY-gt-1593923-2023-10-30T23:35:20.612Z::conn.xml</types1:EntryId>
      <types1:Name>AppConnection1-fwtest</types1:Name>
      <types1:ParentFlowIds>Sk72VR4109cjIw8-gt-1597056-2023-10-30T23:32:20.722Z::pd.xml</types1:ParentFlowIds>
      <types1:MimeType>application/xml+connection</types1:MimeType>
      <types1:Description/>
      <types1:AppliesTo/>
      <types1:Tags>.agent:NIC</types1:Tags>
      <types1:VersionLabel>1.0</types1:VersionLabel>
      <types1:State>CURRENT</types1:State>
      <types1:ProcessGroup/>
      <types1:CreatedBy>yakoh50398@ustorp.com</types1:CreatedBy>
      <types1:CreationDate>2023-10-30T23:35:21Z</types1:CreationDate>
      <types1:ModifiedBy/>
      <types1:PublicationStatus>published</types1:PublicationStatus>
      <types1:PublishedBy>yakoh50398@ustorp.com</types1:PublishedBy>
      <types1:PublicationDate>2023-10-30T23:36:27Z</types1:PublicationDate>
      <types1:PublishedContributionId>project:/rt.connection/AppConnection1-fwtest/AppConnection1-fwtest.conn.xml</types1:PublishedContributionId>
      <types1:AutosaveExists>false</types1:AutosaveExists>
      <types1:Entry>
         <connection xmlns="http://schemas.informatica.com/socrates/data-services/2014/04/avosConnections.xsd"
                     displayName="AppConnection1-fwtest"
                     label="AppConnection1-fwtest"
                     name="AppConnection1-fwtest">
            <description/>
            <tags>.agent:NIC</tags>
            <agent>NIC</agent>
            <producers>
               <producer enabled="true" name="FileWriter" typeName="FileWriter">
                  <description>Use this event target to write output to a file.</description>
                  <attributes>
                     <attribute encrypted="false" name="directoryName" value="C:\Tgt_Files"/>
                     <attribute encrypted="false" name="fileExist" value="Override"/>
                     <attribute encrypted="false" name="moveExisting" value=""/>
                     <attribute encrypted="false" name="eagerDeleteTargetFile" value="true"/>
                     <attribute encrypted="false" name="tempPrefix" value=""/>
                     <attribute encrypted="false" name="tempFileName" value=""/>
                     <attribute encrypted="false" name="forceWrites" value="true"/>
                     <attribute encrypted="false" name="bufferSize" value=""/>
                     <attribute encrypted="false" name="charset" value=""/>
                  </attributes>
               </producer>
            </producers>
            <javaConnector xmlns="http://schemas.informatica.com/appmodules/screenflow/2014/04/avosConnectors.xsd"
                           agentOnly="true"
                           plugin="Camel"
                           supportsConnectionTest="true"
                           supportsDataPreview="false"
                           supportsOData="false"
                           supportsPublishSkipMetadataRefresh="false"
                           type="File"
                           uuid="ac000300-d9fe-11e4-8830-0800200c9a66">
               <description>Provides connections to file monitoring brokers.</description>
            </javaConnector>
         </connection>
      </types1:Entry>
      <types1:GUID>76BSHYkri6Hgg6n45qgrSC</types1:GUID>
      <types1:DisplayName>AppConnection1-fwtest</types1:DisplayName>
   </types1:Item>
   <types1:CurrentServerDateTime>2023-11-16T01:42:42.218Z</types1:CurrentServerDateTime>
</aetgt:getResponse>
