<aetgt:getResponse xmlns:aetgt="http://schemas.active-endpoints.com/appmodules/repository/2010/10/avrepository.xsd"
                   xmlns:types1="http://schemas.active-endpoints.com/appmodules/repository/2010/10/avrepository.xsd">
   <types1:Item>
      <types1:EntryId>IFDlyjllCYAOTMn-gt-2302245-2023-11-04T14:41:33.552Z::conn.xml</types1:EntryId>
      <types1:Name>AppConnection-HR-Data</types1:Name>
      <types1:ParentFlowIds>SJeDuYZ06NYcmYs-gt-1232285-2023-10-28T15:17:47.711Z::pd.xml</types1:ParentFlowIds>
      <types1:MimeType>application/xml+connection</types1:MimeType>
      <types1:Description/>
      <types1:AppliesTo/>
      <types1:Tags>.agent:NIC</types1:Tags>
      <types1:VersionLabel>1.0</types1:VersionLabel>
      <types1:State>CURRENT</types1:State>
      <types1:ProcessGroup/>
      <types1:CreatedBy>yakoh50398@ustorp.com</types1:CreatedBy>
      <types1:CreationDate>2023-11-04T14:41:34Z</types1:CreationDate>
      <types1:ModifiedBy/>
      <types1:PublicationStatus>published</types1:PublicationStatus>
      <types1:PublishedBy>yakoh50398@ustorp.com</types1:PublishedBy>
      <types1:PublicationDate>2023-11-04T14:43:21Z</types1:PublicationDate>
      <types1:PublishedContributionId>project:/rt.connection/AppConnection-HR-Data/AppConnection-HR-Data.conn.xml</types1:PublishedContributionId>
      <types1:AutosaveExists>false</types1:AutosaveExists>
      <types1:Entry>
         <connection xmlns="http://schemas.informatica.com/socrates/data-services/2014/04/avosConnections.xsd"
                     displayName="AppConnection-HR-Data"
                     label="AppConnection-HR-Data"
                     name="AppConnection-HR-Data">
            <description/>
            <tags>.agent:NIC</tags>
            <agent>NIC</agent>
            <attributes>
               <attribute encrypted="false"
                          name="JDBC Connection URL"
                          value="jdbc:oracle:thin:@localhost:1521:xe"/>
               <attribute encrypted="false" name="JDBC Jar Directory" value="C:\Temp"/>
               <attribute encrypted="false"
                          name="JDBC Driver Class Name"
                          value="oracle.jdbc.driver.OracleDriver"/>
               <attribute encrypted="false" name="Schema" value="HR"/>
               <attribute encrypted="false" name="Username" value="hr"/>
               <attribute encrypted="true" name="Password" value=""/>
               <attribute encrypted="false" name="Object Filter" value=""/>
               <attribute encrypted="false" name="TimeZone" value="Default"/>
               <attribute encrypted="false" name="$read-Isolation Level" value="None"/>
               <attribute encrypted="false"
                          name="$read-Override Isolation Level"
                          value="false"/>
               <attribute encrypted="false" name="$write-Number of retries" value="5"/>
               <attribute encrypted="false" name="$write-Retry wait period" value="3"/>
            </attributes>
            <javaConnector xmlns="http://schemas.informatica.com/appmodules/screenflow/2014/04/avosConnectors.xsd"
                           agentOnly="true"
                           plugin="ICS"
                           supportsConnectionTest="true"
                           supportsDataPreview="true"
                           supportsOData="true"
                           supportsPublishSkipMetadataRefresh="true"
                           type="GenericJDBCAdapter"
                           uuid="33ec8fc7-dc6d-4d2e-9f6f-a950669a62d1">
               <description>JDBC  Generic Cloud Adapter</description>
            </javaConnector>
         </connection>
      </types1:Entry>
      <types1:GUID>55r2dgLnGAqjwYXusWqywh</types1:GUID>
      <types1:DisplayName>AppConnection-HR-Data</types1:DisplayName>
   </types1:Item>
   <types1:CurrentServerDateTime>2023-11-16T01:42:42.226Z</types1:CurrentServerDateTime>
</aetgt:getResponse>
