<aetgt:getResponse xmlns:aetgt="http://schemas.active-endpoints.com/appmodules/repository/2010/10/avrepository.xsd"
                   xmlns:types1="http://schemas.active-endpoints.com/appmodules/repository/2010/10/avrepository.xsd">
   <types1:Item>
      <types1:EntryId>kTLCVGkSSHCwkNm-gt-1402218-2023-10-30T01:59:16.165Z::conn.xml</types1:EntryId>
      <types1:Name>AppConnection1Oct30</types1:Name>
      <types1:ParentFlowIds>MUvIw8jIw8jIw8j-gt-1970055-2023-11-02T01:51:46.622Z::pd.xml,NqkVL3C7snSDg8S-gt-1402683-2023-10-30T02:02:26.424Z::pd.xml,Sk72VR4109cjIw8-gt-1597056-2023-10-30T23:32:20.722Z::pd.xml,Zi9zhFtybduaa-gt-1953138-2023-11-01T23:51:52.837Z::pd.xml</types1:ParentFlowIds>
      <types1:MimeType>application/xml+connection</types1:MimeType>
      <types1:Description/>
      <types1:AppliesTo/>
      <types1:Tags/>
      <types1:VersionLabel>1.0</types1:VersionLabel>
      <types1:State>CURRENT</types1:State>
      <types1:ProcessGroup/>
      <types1:CreatedBy>yakoh50398@ustorp.com</types1:CreatedBy>
      <types1:CreationDate>2023-10-30T01:59:16Z</types1:CreationDate>
      <types1:ModifiedBy/>
      <types1:PublicationStatus>published</types1:PublicationStatus>
      <types1:PublishedBy>yakoh50398@ustorp.com</types1:PublishedBy>
      <types1:PublicationDate>2023-11-02T00:33:20Z</types1:PublicationDate>
      <types1:PublishedContributionId>project:/rt.connection/AppConnection1Oct30/AppConnection1Oct30.conn.xml</types1:PublishedContributionId>
      <types1:AutosaveExists>false</types1:AutosaveExists>
      <types1:Entry>
         <connection xmlns="http://schemas.informatica.com/socrates/data-services/2014/04/avosConnections.xsd"
                     displayName="AppConnection1Oct30"
                     label="AppConnection1Oct30"
                     name="AppConnection1Oct30">
            <description/>
            <tags/>
            <agent/>
            <businessConnector xmlns="http://schemas.informatica.com/appmodules/screenflow/2014/04/avosConnectors.xsd"
                               agentOnly="false"
                               connectorPath="project:/rt.connector/sc_ServiceConnector1Oct30/sc_ServiceConnector1Oct30_svcDef.xml"
                               guid="3eJpOh2PEM6bcevGrna54c"
                               name="sc-ServiceConnector1Oct30"
                               supportsConnectionTest="false"
                               uuid="2532ee65-e549-4cab-abeb-d01cf743a57b">
               <description/>
            </businessConnector>
         </connection>
      </types1:Entry>
      <types1:GUID>abUJOSFFoxScwLIjStaKyA</types1:GUID>
      <types1:DisplayName>AppConnection1Oct30</types1:DisplayName>
   </types1:Item>
   <types1:CurrentServerDateTime>2023-11-16T01:42:42.747Z</types1:CurrentServerDateTime>
</aetgt:getResponse>
