<aetgt:getResponse xmlns:aetgt="http://schemas.active-endpoints.com/appmodules/repository/2010/10/avrepository.xsd"
                   xmlns:types1="http://schemas.active-endpoints.com/appmodules/repository/2010/10/avrepository.xsd">
   <types1:Item>
      <types1:EntryId>Di1NjtaaabbgdoG-gt-1231895-2023-10-28T15:10:53.48Z::conn.xml</types1:EntryId>
      <types1:Name>AppConnection2</types1:Name>
      <types1:ParentFlowIds>SJeDuYZ06NYcmYs-gt-1232285-2023-10-28T15:17:47.711Z::pd.xml</types1:ParentFlowIds>
      <types1:MimeType>application/xml+connection</types1:MimeType>
      <types1:Description/>
      <types1:AppliesTo/>
      <types1:Tags/>
      <types1:VersionLabel>1.0</types1:VersionLabel>
      <types1:State>CURRENT</types1:State>
      <types1:ProcessGroup/>
      <types1:CreatedBy>yakoh50398@ustorp.com</types1:CreatedBy>
      <types1:CreationDate>2023-10-28T15:10:53Z</types1:CreationDate>
      <types1:ModifiedBy/>
      <types1:PublicationStatus>published</types1:PublicationStatus>
      <types1:PublishedBy>yakoh50398@ustorp.com</types1:PublishedBy>
      <types1:PublicationDate>2023-11-04T15:27:40Z</types1:PublicationDate>
      <types1:PublishedContributionId>project:/rt.connection/AppConnection2/AppConnection2.conn.xml</types1:PublishedContributionId>
      <types1:AutosaveExists>false</types1:AutosaveExists>
      <types1:Entry>
         <connection xmlns="http://schemas.informatica.com/socrates/data-services/2014/04/avosConnections.xsd"
                     displayName="AppConnection2"
                     label="AppConnection2"
                     name="AppConnection2">
            <description/>
            <tags/>
            <agent/>
            <businessConnector xmlns="http://schemas.informatica.com/appmodules/screenflow/2014/04/avosConnectors.xsd"
                               agentOnly="false"
                               connectorPath="project:/rt.connector/ServiceConnector2/ServiceConnector2_svcDef.xml"
                               guid="d8Q9WzBMF0sea3rK70qDCO"
                               name="ServiceConnector2"
                               supportsConnectionTest="false"
                               uuid="76c67f11-809c-4a40-9877-a7e494099f3a">
               <description/>
            </businessConnector>
         </connection>
      </types1:Entry>
      <types1:GUID>aavSkDig1Y6kq9nrV5Yqy8</types1:GUID>
      <types1:DisplayName>AppConnection2</types1:DisplayName>
   </types1:Item>
   <types1:CurrentServerDateTime>2023-11-16T01:42:42.836Z</types1:CurrentServerDateTime>
</aetgt:getResponse>
