<aetgt:getResponse xmlns:aetgt="http://schemas.active-endpoints.com/appmodules/repository/2010/10/avrepository.xsd"
                   xmlns:types1="http://schemas.active-endpoints.com/appmodules/repository/2010/10/avrepository.xsd">
   <types1:Item>
      <types1:EntryId>G4abck0Kn7wporz-gt-62214-2023-10-22T14:11:58.528Z::po.xml</types1:EntryId>
      <types1:Name>customerdata</types1:Name>
      <types1:ParentFlowIds>sK4PvbcjIw8jIw8-gt-62251-2023-10-22T14:11:59.293Z::pd.xml</types1:ParentFlowIds>
      <types1:MimeType>application/xml+processobject</types1:MimeType>
      <types1:Description/>
      <types1:AppliesTo/>
      <types1:Tags/>
      <types1:VersionLabel>1.0</types1:VersionLabel>
      <types1:State>CURRENT</types1:State>
      <types1:ProcessGroup/>
      <types1:CreatedBy>yakoh50398@ustorp.com</types1:CreatedBy>
      <types1:CreationDate>2023-10-22T14:11:59Z</types1:CreationDate>
      <types1:ModifiedBy>yakoh50398@ustorp.com</types1:ModifiedBy>
      <types1:ModificationDate>2023-10-22T14:16:35Z</types1:ModificationDate>
      <types1:PublicationStatus>unpublished</types1:PublicationStatus>
      <types1:AutosaveExists>false</types1:AutosaveExists>
      <types1:Entry>
         <processObject xmlns="http://schemas.active-endpoints.com/appmodules/screenflow/2011/06/avosHostEnvironment.xsd"
                        displayName="customerdata"
                        isByCopy="true"
                        name="customerdata">
            <description/>
            <tags/>
            <detail>
               <field label="customerId"
                      name="customerId"
                      nullable="true"
                      required="false"
                      type="double">
                  <options/>
               </field>
               <field label="customerName"
                      name="customerFirstName"
                      nullable="true"
                      required="false"
                      type="string">
                  <options/>
               </field>
               <field label="customerLastName"
                      name="customerLastName"
                      nullable="true"
                      required="false"
                      type="string">
                  <options/>
               </field>
               <field label="customerPhone"
                      name="customerPhone"
                      nullable="true"
                      required="false"
                      type="string">
                  <options/>
               </field>
            </detail>
         </processObject>
      </types1:Entry>
      <types1:GUID>65DlZBzYKkUcIXXNbMJNO9</types1:GUID>
      <types1:DisplayName>customerdata</types1:DisplayName>
   </types1:Item>
   <types1:CurrentServerDateTime>2023-11-16T01:42:42.107Z</types1:CurrentServerDateTime>
</aetgt:getResponse>
