<aetgt:getResponse xmlns:aetgt="http://schemas.active-endpoints.com/appmodules/repository/2010/10/avrepository.xsd"
                   xmlns:types1="http://schemas.active-endpoints.com/appmodules/repository/2010/10/avrepository.xsd">
   <types1:Item>
      <types1:EntryId>pGvSx0aa-gt-2305709-2023-11-04T15:43:31.255Z::pd.xml</types1:EntryId>
      <types1:Name>myFirstProcess_Nov04</types1:Name>
      <types1:MimeType>application/xml+process</types1:MimeType>
      <types1:Description/>
      <types1:AppliesTo/>
      <types1:Tags/>
      <types1:VersionLabel>1.0</types1:VersionLabel>
      <types1:State>CURRENT</types1:State>
      <types1:ProcessGroup/>
      <types1:CreatedBy>yakoh50398@ustorp.com</types1:CreatedBy>
      <types1:CreationDate>2023-11-04T15:43:31Z</types1:CreationDate>
      <types1:ModifiedBy>yakoh50398@ustorp.com</types1:ModifiedBy>
      <types1:ModificationDate>2023-11-04T15:47:25Z</types1:ModificationDate>
      <types1:PublicationStatus>published</types1:PublicationStatus>
      <types1:PublishedBy>yakoh50398@ustorp.com</types1:PublishedBy>
      <types1:PublicationDate>2023-11-04T15:47:29Z</types1:PublicationDate>
      <types1:PublishedContributionId>project:/spi.myFirstProcess_Nov04/myFirstProcess_Nov04.pd.xml</types1:PublishedContributionId>
      <types1:AutosaveExists>false</types1:AutosaveExists>
      <types1:Entry>
         <process xmlns="http://schemas.active-endpoints.com/appmodules/screenflow/2010/10/avosScreenflow.xsd"
                  xmlns:tfm="http://schemas.active-endpoints.com/appmodules/screenflow/2021/04/taskflowModel.xsd"
                  xmlns:list="urn:activevos:spi:list:functions"
                  displayName="myFirstProcess_Nov04"
                  name="myFirstProcess_Nov04"
                  overrideAPIName="false">
            <parameterSet xmlns="http://schemas.active-endpoints.com/appmodules/screenflow/2021/04/taskflowModel.xsd"/>
            <appliesTo/>
            <description/>
            <tags/>
            <generator>Informatica Process Designer 11</generator>
            <input>
               <parameter description="" name="username" type="string">
                  <options>
                     <option name="required">false</option>
                  </options>
               </parameter>
            </input>
            <output>
               <field description="" name="response" type="string">
                  <options>
                     <option name="required">false</option>
                  </options>
               </field>
            </output>
            <notes/>
            <deployment skipIfRunning="false" suspendOnFault="false" tracingLevel="verbose">
               <rest>
                  <allowedUsers>
                     <user>yakoh50398@ustorp.com</user>
                  </allowedUsers>
                  <additionalConstraint>
                     <constraint>APIM</constraint>
                  </additionalConstraint>
               </rest>
            </deployment>
            <flow id="a">
               <start id="b">
                  <link id="lok7pjxd" targetId="lok7pjxc"/>
               </start>
               <assignment id="lok7pjxc">
                  <title>Assignment to response</title>
                  <operation source="formula" to="output.response">
                     <expression language="XQuery">'Hello '||$input.username||'Welcome to Managed API'</expression>
                  </operation>
                  <link id="lok7pjxe" targetId="c"/>
               </assignment>
               <end id="c"/>
            </flow>
         </process>
         <ns1:sample-data-sets xmlns:ns1="http://schemas.active-endpoints.com/appmodules/repository/2010/10/sampleData.xsd">
            <ns1:SampleData>
               <ns1:Id>9f4d5fb0-e772-4d81-9563-adbf86051caa</ns1:Id>
               <ns1:Name>aa</ns1:Name>
               <ns1:CreatedBy>yakoh50398@ustorp.com</ns1:CreatedBy>
               <ns1:CreationDate>2023-11-04T15:44:08Z</ns1:CreationDate>
               <ns1:ModifiedBy>yakoh50398@ustorp.com</ns1:ModifiedBy>
               <ns1:ModificationDate>2023-11-04T15:44:08Z</ns1:ModificationDate>
               <ns1:Data format="json">{
	 "username": "NICITACADEMY"
}</ns1:Data>
            </ns1:SampleData>
         </ns1:sample-data-sets>
      </types1:Entry>
      <types1:GUID>isTsKoX9DqyjOqzE8tDkKB</types1:GUID>
      <types1:DisplayName>myFirstProcess_Nov04</types1:DisplayName>
   </types1:Item>
   <types1:CurrentServerDateTime>2023-11-16T01:42:42.045Z</types1:CurrentServerDateTime>
</aetgt:getResponse>
