<aetgt:getResponse xmlns:aetgt="http://schemas.active-endpoints.com/appmodules/repository/2010/10/avrepository.xsd"
                   xmlns:types1="http://schemas.active-endpoints.com/appmodules/repository/2010/10/avrepository.xsd">
   <types1:Item>
      <types1:EntryId>wQuoJ49ARJi4tci-gt-62261-2023-10-22T14:11:59.356Z::pd.xml</types1:EntryId>
      <types1:Name>p_FileBasedEvent</types1:Name>
      <types1:MimeType>application/xml+process</types1:MimeType>
      <types1:Description/>
      <types1:AppliesTo/>
      <types1:Tags>.agent:NIC</types1:Tags>
      <types1:VersionLabel>1.0</types1:VersionLabel>
      <types1:State>CURRENT</types1:State>
      <types1:ProcessGroup/>
      <types1:CreatedBy>yakoh50398@ustorp.com</types1:CreatedBy>
      <types1:CreationDate>2023-10-22T14:11:59Z</types1:CreationDate>
      <types1:ModifiedBy>yakoh50398@ustorp.com</types1:ModifiedBy>
      <types1:ModificationDate>2023-10-22T14:16:36Z</types1:ModificationDate>
      <types1:PublicationStatus>unpublished</types1:PublicationStatus>
      <types1:AutosaveExists>false</types1:AutosaveExists>
      <types1:Entry>
         <process xmlns="http://schemas.active-endpoints.com/appmodules/screenflow/2010/10/avosScreenflow.xsd"
                  xmlns:tfm="http://schemas.active-endpoints.com/appmodules/screenflow/2021/04/taskflowModel.xsd"
                  xmlns:list="urn:activevos:spi:list:functions"
                  displayName="p_FileBasedEvent"
                  name="p_FileBasedEvent"
                  overrideAPIName="false">
            <parameterSet xmlns="http://schemas.active-endpoints.com/appmodules/screenflow/2021/04/taskflowModel.xsd"/>
            <appliesTo/>
            <description/>
            <tags>.agent:NIC</tags>
            <generator>Informatica Process Designer 11</generator>
            <input>
               <parameter description="" name="delimitedContent" type="reference">
                  <options>
                     <option name="required">false</option>
                     <option name="referenceTo">FileEvent11:DelimitedContent</option>
                     <option name="isCopy">true</option>
                     <option name="guid">2YHuV71BqvFeu6q31DaBGH</option>
                  </options>
               </parameter>
            </input>
            <output>
               <field description="" name="FileName" type="string">
                  <options>
                     <option name="required">false</option>
                  </options>
               </field>
               <field description="" name="FileContent" type="string">
                  <options>
                     <option name="required">false</option>
                  </options>
               </field>
            </output>
            <tempFields>
               <field description="" name="FileContentTarget" type="reference">
                  <options>
                     <option name="referenceTo">FileEvent11:SerializeToDelimitedContentTask</option>
                     <option name="required">false</option>
                     <option name="isCopy">true</option>
                     <option name="guid">2YHuV71BqvFeu6q31DaBGH</option>
                  </options>
               </field>
            </tempFields>
            <notes/>
            <deployment skipIfRunning="false" suspendOnFault="false" tracingLevel="none">
               <targetLocation>NIC</targetLocation>
               <event eventSource="FileEvent11:DelimitedContentParser"/>
            </deployment>
            <flow id="a">
               <start id="b">
                  <link id="lmfng2ei" targetId="lmfng2eh"/>
               </start>
               <assignment id="lmfng2eh">
                  <title>Assignment to FileName, File name etc.</title>
                  <operation source="field" to="output.FileName">input.delimitedContent[1]/record[1]/field[1]/value</operation>
                  <operation source="field" to="temp.FileContentTarget[1]/fileName">input.delimitedContent[1]/fileInfo[1]/name</operation>
                  <operation source="field" to="temp.FileContentTarget[1]/delimitedContentObject">input.delimitedContent</operation>
                  <link id="lmfng2es" targetId="lmfng2er"/>
               </assignment>
               <service id="lmfng2er">
                  <title>WriteContentTargetFile</title>
                  <serviceName>FileEvent11:DelimitedContentWriter</serviceName>
                  <serviceGUID>2YHuV71BqvFeu6q31DaBGH</serviceGUID>
                  <serviceInput>
                     <parameter name="serializationTask" source="field" updatable="true">temp.FileContentTarget</parameter>
                  </serviceInput>
                  <link id="lmfng2et" targetId="c"/>
               </service>
               <end id="c"/>
            </flow>
         </process>
      </types1:Entry>
      <types1:GUID>5XxulgUeThnlzvkB2Dv5kL</types1:GUID>
      <types1:DisplayName>p_FileBasedEvent</types1:DisplayName>
   </types1:Item>
   <types1:CurrentServerDateTime>2023-11-16T01:42:42.726Z</types1:CurrentServerDateTime>
</aetgt:getResponse>
