<aetgt:getResponse xmlns:aetgt="http://schemas.active-endpoints.com/appmodules/repository/2010/10/avrepository.xsd"
                   xmlns:types1="http://schemas.active-endpoints.com/appmodules/repository/2010/10/avrepository.xsd">
   <types1:Item>
      <types1:EntryId>Lx59clzHfSTu0kM-gt-60411-2023-10-22T14:11:58.603Z::pd.xml</types1:EntryId>
      <types1:Name>p_get_user_information</types1:Name>
      <types1:MimeType>application/xml+process</types1:MimeType>
      <types1:Description/>
      <types1:AppliesTo/>
      <types1:Tags/>
      <types1:VersionLabel>1.0</types1:VersionLabel>
      <types1:State>CURRENT</types1:State>
      <types1:ProcessGroup/>
      <types1:CreatedBy>yakoh50398@ustorp.com</types1:CreatedBy>
      <types1:CreationDate>2023-10-22T14:11:59Z</types1:CreationDate>
      <types1:ModifiedBy>yakoh50398@ustorp.com</types1:ModifiedBy>
      <types1:ModificationDate>2023-10-22T14:16:35Z</types1:ModificationDate>
      <types1:PublicationStatus>unpublished</types1:PublicationStatus>
      <types1:AutosaveExists>false</types1:AutosaveExists>
      <types1:Entry>
         <process xmlns="http://schemas.active-endpoints.com/appmodules/screenflow/2010/10/avosScreenflow.xsd"
                  xmlns:tfm="http://schemas.active-endpoints.com/appmodules/screenflow/2021/04/taskflowModel.xsd"
                  xmlns:list="urn:activevos:spi:list:functions"
                  displayName="p_get_user_information"
                  name="p_get_user_information"
                  overrideAPIName="false">
            <parameterSet xmlns="http://schemas.active-endpoints.com/appmodules/screenflow/2021/04/taskflowModel.xsd"/>
            <appliesTo/>
            <description/>
            <tags/>
            <generator>Informatica Process Designer 11</generator>
            <input>
               <parameter description="" name="username" required="true" type="string">
                  <options>
                     <option name="required">false</option>
                  </options>
               </parameter>
            </input>
            <output>
               <field description="" name="response" type="string">
                  <options>
                     <option name="required">false</option>
                  </options>
               </field>
            </output>
            <notes/>
            <deployment skipIfRunning="false" suspendOnFault="false" tracingLevel="none">
               <rest>
                  <allowedUsers>
                     <user>nic.iics17@rediffmail.com</user>
                  </allowedUsers>
                  <additionalConstraint>
                     <constraint>APIM</constraint>
                  </additionalConstraint>
               </rest>
            </deployment>
            <flow id="a">
               <start id="b">
                  <link id="lme80d4w" targetId="lme80d4v"/>
               </start>
               <assignment id="lme80d4v">
                  <title>Assignment to response</title>
                  <operation source="constant" to="output.response">Hello, {$input.username} </operation>
                  <link id="lme80d4x" targetId="c"/>
               </assignment>
               <end id="c"/>
            </flow>
         </process>
      </types1:Entry>
      <types1:GUID>8GvIsAZjFuUeZ6aTcK6zQi</types1:GUID>
      <types1:DisplayName>p_get_user_information</types1:DisplayName>
   </types1:Item>
   <types1:CurrentServerDateTime>2023-11-16T01:42:42.036Z</types1:CurrentServerDateTime>
</aetgt:getResponse>
