<aetgt:getResponse xmlns:aetgt="http://schemas.active-endpoints.com/appmodules/repository/2010/10/avrepository.xsd"
                   xmlns:types1="http://schemas.active-endpoints.com/appmodules/repository/2010/10/avrepository.xsd">
   <types1:Item>
      <types1:EntryId>sK4PvbcjIw8jIw8-gt-62251-2023-10-22T14:11:59.293Z::pd.xml</types1:EntryId>
      <types1:Name>p_Process_Object</types1:Name>
      <types1:MimeType>application/xml+process</types1:MimeType>
      <types1:Description/>
      <types1:AppliesTo/>
      <types1:Tags/>
      <types1:VersionLabel>1.0</types1:VersionLabel>
      <types1:State>CURRENT</types1:State>
      <types1:ProcessGroup/>
      <types1:CreatedBy>yakoh50398@ustorp.com</types1:CreatedBy>
      <types1:CreationDate>2023-10-22T14:11:59Z</types1:CreationDate>
      <types1:ModifiedBy>yakoh50398@ustorp.com</types1:ModifiedBy>
      <types1:ModificationDate>2023-10-22T14:16:36Z</types1:ModificationDate>
      <types1:PublicationStatus>unpublished</types1:PublicationStatus>
      <types1:AutosaveExists>false</types1:AutosaveExists>
      <types1:Entry>
         <process xmlns="http://schemas.active-endpoints.com/appmodules/screenflow/2010/10/avosScreenflow.xsd"
                  xmlns:tfm="http://schemas.active-endpoints.com/appmodules/screenflow/2021/04/taskflowModel.xsd"
                  xmlns:list="urn:activevos:spi:list:functions"
                  displayName="p_Process_Object"
                  name="p_Process_Object"
                  overrideAPIName="false">
            <parameterSet xmlns="http://schemas.active-endpoints.com/appmodules/screenflow/2021/04/taskflowModel.xsd"/>
            <appliesTo/>
            <description/>
            <tags/>
            <generator>Informatica Process Designer 11</generator>
            <input>
               <parameter description="" name="customerInData" type="reference">
                  <options>
                     <option name="referenceTo">$po:customerdata</option>
                     <option name="required">false</option>
                     <option name="isCopy">true</option>
                     <option name="guid">65DlZBzYKkUcIXXNbMJNO9</option>
                  </options>
               </parameter>
            </input>
            <output>
               <field description="" name="customerId" type="int">
                  <options>
                     <option name="required">false</option>
                  </options>
               </field>
               <field description="" name="customerFullName" type="string">
                  <options>
                     <option name="required">false</option>
                  </options>
               </field>
               <field description="" name="customerPhone" type="string">
                  <options>
                     <option name="required">false</option>
                  </options>
               </field>
            </output>
            <notes/>
            <deployment skipIfRunning="false" suspendOnFault="false" tracingLevel="verbose">
               <rest>
                  <allowedUsers>
                     <user>nic.iics17@rediffmail.com</user>
                  </allowedUsers>
               </rest>
            </deployment>
            <flow id="a">
               <start id="b">
                  <link id="lmfdv0hl" targetId="lmfdv0hk"/>
               </start>
               <assignment id="lmfdv0hk">
                  <title>Assignment to customerId, customerFullName etc.</title>
                  <operation source="field" to="output.customerId">input.customerInData[1]/customerId</operation>
                  <operation source="formula" to="output.customerFullName">
                     <expression language="XQuery">fn:concat($input.customerInData[1]/customerFirstName , $input.customerInData[1]/customerLastName )</expression>
                  </operation>
                  <operation source="field" to="output.customerPhone">input.customerInData[1]/customerPhone</operation>
                  <link id="lmfdv0hm" targetId="c"/>
               </assignment>
               <end id="c"/>
            </flow>
         </process>
      </types1:Entry>
      <types1:GUID>0yaMisNZp4PcdW7k6byCUg</types1:GUID>
      <types1:DisplayName>p_Process_Object</types1:DisplayName>
   </types1:Item>
   <types1:CurrentServerDateTime>2023-11-16T01:42:42.701Z</types1:CurrentServerDateTime>
</aetgt:getResponse>
