<aetgt:getResponse xmlns:aetgt="http://schemas.active-endpoints.com/appmodules/repository/2010/10/avrepository.xsd"
                   xmlns:types1="http://schemas.active-endpoints.com/appmodules/repository/2010/10/avrepository.xsd">
   <types1:Item>
      <types1:EntryId>g74Rpf6JfOMWSwx-gt-2639342-2023-11-07T02:10:44.097Z::po.xml</types1:EntryId>
      <types1:Name>po_customer_data</types1:Name>
      <types1:ParentFlowIds>4s9fYLnzYLnzYLn-gt-2640168-2023-11-07T02:18:21.896Z::pd.xml</types1:ParentFlowIds>
      <types1:MimeType>application/xml+processobject</types1:MimeType>
      <types1:Description/>
      <types1:AppliesTo/>
      <types1:Tags/>
      <types1:VersionLabel>1.0</types1:VersionLabel>
      <types1:State>CURRENT</types1:State>
      <types1:ProcessGroup/>
      <types1:CreatedBy>yakoh50398@ustorp.com</types1:CreatedBy>
      <types1:CreationDate>2023-11-07T02:10:44Z</types1:CreationDate>
      <types1:ModifiedBy>yakoh50398@ustorp.com</types1:ModifiedBy>
      <types1:ModificationDate>2023-11-07T02:10:59Z</types1:ModificationDate>
      <types1:PublicationStatus>unpublished</types1:PublicationStatus>
      <types1:AutosaveExists>false</types1:AutosaveExists>
      <types1:Entry>
         <processObject xmlns="http://schemas.active-endpoints.com/appmodules/screenflow/2011/06/avosHostEnvironment.xsd"
                        displayName="po_customer_data"
                        isByCopy="true"
                        name="po_customer_data">
            <description/>
            <tags/>
            <detail>
               <field label="cust_id"
                      name="cust_id"
                      nullable="true"
                      required="false"
                      type="double">
                  <options/>
               </field>
               <field label="cust_FirstName"
                      name="cust_FirstName"
                      nullable="true"
                      required="false"
                      type="string">
                  <options/>
               </field>
               <field label="cust_LastName"
                      name="cust_LastName"
                      nullable="true"
                      required="false"
                      type="string">
                  <options/>
               </field>
               <field label="cust_Phone_number"
                      name="cust_Phone_number"
                      nullable="true"
                      required="false"
                      type="double">
                  <options/>
               </field>
            </detail>
         </processObject>
      </types1:Entry>
      <types1:GUID>8m90KBNUvPNlhCiJoMLW09</types1:GUID>
      <types1:DisplayName>po_customer_data</types1:DisplayName>
   </types1:Item>
   <types1:CurrentServerDateTime>2023-11-16T01:42:42.175Z</types1:CurrentServerDateTime>
</aetgt:getResponse>
