<aetgt:getResponse xmlns:aetgt="http://schemas.active-endpoints.com/appmodules/repository/2010/10/avrepository.xsd"
                   xmlns:types1="http://schemas.active-endpoints.com/appmodules/repository/2010/10/avrepository.xsd">
   <types1:Item>
      <types1:EntryId>aabds8NTYglxbdy-gt-1229339-2023-10-28T14:24:23.01Z::pd.xml</types1:EntryId>
      <types1:Name>proc_myFirstCAIProcess1</types1:Name>
      <types1:MimeType>application/xml+process</types1:MimeType>
      <types1:Description/>
      <types1:AppliesTo/>
      <types1:Tags/>
      <types1:VersionLabel>1.0</types1:VersionLabel>
      <types1:State>CURRENT</types1:State>
      <types1:ProcessGroup/>
      <types1:CreatedBy>yakoh50398@ustorp.com</types1:CreatedBy>
      <types1:CreationDate>2023-10-28T14:24:23Z</types1:CreationDate>
      <types1:ModifiedBy>yakoh50398@ustorp.com</types1:ModifiedBy>
      <types1:ModificationDate>2023-10-28T14:38:04Z</types1:ModificationDate>
      <types1:PublicationStatus>published</types1:PublicationStatus>
      <types1:PublishedBy>yakoh50398@ustorp.com</types1:PublishedBy>
      <types1:PublicationDate>2023-10-28T14:41:06Z</types1:PublicationDate>
      <types1:PublishedContributionId>project:/spi.proc_myFirstCAIProcess1/proc_myFirstCAIProcess1.pd.xml</types1:PublishedContributionId>
      <types1:AutosaveExists>false</types1:AutosaveExists>
      <types1:Entry>
         <process xmlns="http://schemas.active-endpoints.com/appmodules/screenflow/2010/10/avosScreenflow.xsd"
                  xmlns:tfm="http://schemas.active-endpoints.com/appmodules/screenflow/2021/04/taskflowModel.xsd"
                  xmlns:list="urn:activevos:spi:list:functions"
                  displayName="proc_myFirstCAIProcess1"
                  name="proc_myFirstCAIProcess1"
                  overrideAPIName="false">
            <parameterSet xmlns="http://schemas.active-endpoints.com/appmodules/screenflow/2021/04/taskflowModel.xsd"/>
            <appliesTo/>
            <description/>
            <tags/>
            <generator>Informatica Process Designer 11</generator>
            <input>
               <parameter description="" name="username" required="true" type="string">
                  <options>
                     <option name="required">false</option>
                  </options>
               </parameter>
               <parameter description="" name="password" required="true" type="string">
                  <options>
                     <option name="required">false</option>
                  </options>
               </parameter>
            </input>
            <output>
               <field description="" name="response" type="string">
                  <options>
                     <option name="required">false</option>
                  </options>
               </field>
            </output>
            <notes/>
            <deployment skipIfRunning="false" suspendOnFault="false" tracingLevel="verbose">
               <rest>
                  <allowedUsers>
                     <user>yakoh50398@ustorp.com</user>
                  </allowedUsers>
               </rest>
            </deployment>
            <flow id="a">
               <start id="b">
                  <link id="loa4mqhx" targetId="loa4mqhw"/>
               </start>
               <assignment id="loa4mqhw">
                  <title>Assignment to response</title>
                  <operation source="formula" to="output.response">
                     <expression language="XQuery">'Hello '||$input.username ||
', Welcome to CAI Process'</expression>
                  </operation>
                  <link id="loa4mqhy" targetId="c"/>
               </assignment>
               <end id="c"/>
            </flow>
         </process>
         <ns1:sample-data-sets xmlns:ns1="http://schemas.active-endpoints.com/appmodules/repository/2010/10/sampleData.xsd">
            <ns1:SampleData>
               <ns1:Id>2af08f3d-88b3-4626-93de-334eff14a4da</ns1:Id>
               <ns1:Name>aa</ns1:Name>
               <ns1:CreatedBy>yakoh50398@ustorp.com</ns1:CreatedBy>
               <ns1:CreationDate>2023-10-28T14:33:29Z</ns1:CreationDate>
               <ns1:ModifiedBy>yakoh50398@ustorp.com</ns1:ModifiedBy>
               <ns1:ModificationDate>2023-10-28T14:33:29Z</ns1:ModificationDate>
               <ns1:Data format="json">{
	 "username": "nic",
	 "password": "xxxx"
}</ns1:Data>
            </ns1:SampleData>
         </ns1:sample-data-sets>
      </types1:Entry>
      <types1:GUID>hAj8vHa3sAEfiT7y2QYOki</types1:GUID>
      <types1:DisplayName>proc_myFirstCAIProcess1</types1:DisplayName>
   </types1:Item>
   <types1:CurrentServerDateTime>2023-11-16T01:42:42.535Z</types1:CurrentServerDateTime>
</aetgt:getResponse>
