<aetgt:getResponse xmlns:aetgt="http://schemas.active-endpoints.com/appmodules/repository/2010/10/avrepository.xsd"
                   xmlns:types1="http://schemas.active-endpoints.com/appmodules/repository/2010/10/avrepository.xsd">
   <types1:Item>
      <types1:EntryId>SJeDuYZ06NYcmYs-gt-1232285-2023-10-28T15:17:47.711Z::pd.xml</types1:EntryId>
      <types1:Name>proc_getCovid_Data</types1:Name>
      <types1:MimeType>application/xml+process</types1:MimeType>
      <types1:Description/>
      <types1:AppliesTo/>
      <types1:Tags/>
      <types1:VersionLabel>1.0</types1:VersionLabel>
      <types1:State>CURRENT</types1:State>
      <types1:ProcessGroup/>
      <types1:CreatedBy>yakoh50398@ustorp.com</types1:CreatedBy>
      <types1:CreationDate>2023-10-28T15:17:48Z</types1:CreationDate>
      <types1:ModifiedBy>yakoh50398@ustorp.com</types1:ModifiedBy>
      <types1:ModificationDate>2023-11-04T15:29:13Z</types1:ModificationDate>
      <types1:PublicationStatus>published</types1:PublicationStatus>
      <types1:PublishedBy>yakoh50398@ustorp.com</types1:PublishedBy>
      <types1:PublicationDate>2023-11-04T15:29:17Z</types1:PublicationDate>
      <types1:PublishedContributionId>project:/spi.proc_getCovid_Data/proc_getCovid_Data.pd.xml</types1:PublishedContributionId>
      <types1:AutosaveExists>false</types1:AutosaveExists>
      <types1:Entry>
         <process xmlns="http://schemas.active-endpoints.com/appmodules/screenflow/2010/10/avosScreenflow.xsd"
                  xmlns:tfm="http://schemas.active-endpoints.com/appmodules/screenflow/2021/04/taskflowModel.xsd"
                  xmlns:list="urn:activevos:spi:list:functions"
                  displayName="proc_getCovid_Data"
                  name="proc_getCovid_Data"
                  overrideAPIName="false">
            <parameterSet xmlns="http://schemas.active-endpoints.com/appmodules/screenflow/2021/04/taskflowModel.xsd"/>
            <appliesTo/>
            <description/>
            <tags/>
            <generator>Informatica Process Designer 11</generator>
            <tempFields>
               <field description="" name="date" type="string">
                  <options>
                     <option name="required">false</option>
                  </options>
               </field>
               <field description="" name="iso" type="string">
                  <options>
                     <option name="required">false</option>
                  </options>
               </field>
               <field description="" name="fw" type="reference">
                  <options>
                     <option name="referenceTo">AppConnection-FW-04Nov:FileWriteTask</option>
                     <option name="required">false</option>
                     <option name="isCopy">true</option>
                     <option name="guid">5A0Jsr5wU4FbL4Xs2ZEXGp</option>
                  </options>
               </field>
               <field description="" name="Dates_Row" type="reference">
                  <options>
                     <option name="referenceTo">AppConnection-HR-Data:COVID_INPUT_PARAM_DATA</option>
                     <option name="required">false</option>
                     <option name="isCopy">true</option>
                     <option name="guid">55r2dgLnGAqjwYXusWqywh</option>
                  </options>
               </field>
               <field description="" name="Dates_Table" type="objectlist">
                  <options>
                     <option name="referenceTo">AppConnection-HR-Data:COVID_INPUT_PARAM_DATA</option>
                     <option hide="true" name="multiSelect">true</option>
                     <option name="required">false</option>
                     <option name="isCopy">true</option>
                     <option name="guid">55r2dgLnGAqjwYXusWqywh</option>
                  </options>
               </field>
            </tempFields>
            <notes/>
            <deployment skipIfRunning="false" suspendOnFault="false" tracingLevel="verbose">
               <rest>
                  <allowedUsers>
                     <user>yakoh50398@ustorp.com</user>
                  </allowedUsers>
               </rest>
            </deployment>
            <flow id="a">
               <start id="b">
                  <link id="lok5ob2y" targetId="lok5ob2x"/>
               </start>
               <assignment id="lok5ob2x">
                  <title>Assignment to Dates_Table</title>
                  <operation source="list" to="temp.Dates_Table">
                     <query advanceQuery="true" from="AppConnection-HR-Data:COVID_INPUT_PARAM_DATA">
                        <where>1=1</where>
                     </query>
                  </operation>
                  <link id="lok5ob36" targetId="lok5ob35"/>
               </assignment>
               <assignment id="lok5ob35">
                  <title>Assignment to Dates_Row, Dates_Table</title>
                  <operation source="formula" to="temp.Dates_Row">
                     <expression language="XQuery">list:head($temp.Dates_Table)</expression>
                  </operation>
                  <operation source="formula" to="temp.Dates_Table">
                     <expression language="XQuery">list:tail($temp.Dates_Table)</expression>
                  </operation>
                  <link id="lok5ob37" targetId="loa6kgvz"/>
               </assignment>
               <assignment id="lok3mk3r">
                  <title>Assignment to File name, Plain File Content</title>
                  <operation source="formula" to="temp.fw[1]/fileName">
                     <expression language="XQuery">'T_FF_CAI_Covid_Data_'||'.json' </expression>
                  </operation>
                  <operation source="constant" to="temp.fw[1]/content">{$output.payload}</operation>
                  <link id="lok5ob6g" targetId="lok3mk3x"/>
               </assignment>
               <service id="loa6kgvz">
                  <title>GetCovidData</title>
                  <serviceName>AppConnection2:GetCovidData</serviceName>
                  <serviceGUID>aavSkDig1Y6kq9nrV5Yqy8</serviceGUID>
                  <serviceInput>
                     <parameter name="date" source="field" updatable="true">temp.Dates_Row[1]/REPORT_DATE</parameter>
                     <parameter name="iso" source="field" updatable="true">temp.Dates_Row[1]/ISO</parameter>
                  </serviceInput>
                  <link id="lok5ob6i" targetId="lok5ob6h"/>
               </service>
               <service id="lok3mk3x">
                  <title>FileWriter</title>
                  <serviceName>AppConnection-FW-04Nov:FileWriterNov04</serviceName>
                  <serviceGUID>5A0Jsr5wU4FbL4Xs2ZEXGp</serviceGUID>
                  <serviceInput>
                     <parameter name="fileWriteTask" source="field" updatable="true">temp.fw</parameter>
                  </serviceInput>
                  <link id="lok5ob3p" targetId="lok5ob3o"/>
               </service>
               <create id="lok5ob6h">
                  <title>COVID_OUTPUT_DATA</title>
                  <entityName>AppConnection-HR-Data:COVID_OUTPUT_DATA</entityName>
                  <createInput>
                     <parameter name="CONFIRMED" source="field" updatable="true">output.confirmed</parameter>
                     <parameter name="RECOVERED" source="field" updatable="true">output.recovered</parameter>
                     <parameter name="ACTIVE" source="field" updatable="true">output.active</parameter>
                     <parameter name="PAYLOAD" source="field" updatable="true">output.payload</parameter>
                  </createInput>
                  <link id="lok5ob6j" targetId="lok3mk3r"/>
               </create>
               <container id="lok5ob3o" type="exclusive">
                  <title>Dates_Table</title>
                  <flow id="lok5ob3s">
                     <jumpTo id="lok5ob46">
                        <link id="lok5ob47" targetId="lok5ob35"/>
                     </jumpTo>
                  </flow>
                  <flow id="lok5ob3v">
                     <link id="lok5ob3w" targetId="lok5ob3o" type="containerLink"/>
                  </flow>
                  <link id="lok5ob3r" targetId="lok5ob3s" type="containerLink">
                     <condition source="formula">
                        <function name="not-empty">
                           <arg name="field">{$temp.Dates_Table}</arg>
                        </function>
                     </condition>
                  </link>
                  <link id="lok5ob3u" targetId="lok5ob3v" type="containerLink">
                     <condition source="formula">
                        <function name="empty">
                           <arg name="field">{$temp.Dates_Table}</arg>
                        </function>
                     </condition>
                  </link>
                  <link id="lok5ob3q" targetId="c"/>
               </container>
               <end id="c"/>
            </flow>
         </process>
         <ns1:sample-data-sets xmlns:ns1="http://schemas.active-endpoints.com/appmodules/repository/2010/10/sampleData.xsd">
            <ns1:SampleData>
               <ns1:Id>a7f7337b-70a6-4303-a078-5812e15d201c</ns1:Id>
               <ns1:Name>aa</ns1:Name>
               <ns1:CreatedBy>yakoh50398@ustorp.com</ns1:CreatedBy>
               <ns1:CreationDate>2023-10-28T15:18:34Z</ns1:CreationDate>
               <ns1:ModifiedBy>yakoh50398@ustorp.com</ns1:ModifiedBy>
               <ns1:ModificationDate>2023-10-28T15:18:34Z</ns1:ModificationDate>
               <ns1:Data format="json">{}</ns1:Data>
            </ns1:SampleData>
         </ns1:sample-data-sets>
      </types1:Entry>
      <types1:GUID>an0s15vQKwskb9XnRYkRaZ</types1:GUID>
      <types1:DisplayName>proc_getCovid_Data</types1:DisplayName>
   </types1:Item>
   <types1:CurrentServerDateTime>2023-11-16T01:42:43.767Z</types1:CurrentServerDateTime>
</aetgt:getResponse>
