<aetgt:getResponse xmlns:aetgt="http://schemas.active-endpoints.com/appmodules/repository/2010/10/avrepository.xsd"
                   xmlns:types1="http://schemas.active-endpoints.com/appmodules/repository/2010/10/avrepository.xsd">
   <types1:Item>
      <types1:EntryId>JmojDXJqEhynzYL-gt-2640588-2023-11-07T01:53:41.567Z::pd.xml</types1:EntryId>
      <types1:Name>proc_file_event</types1:Name>
      <types1:MimeType>application/xml+process</types1:MimeType>
      <types1:Description/>
      <types1:AppliesTo/>
      <types1:Tags/>
      <types1:VersionLabel>1.0</types1:VersionLabel>
      <types1:State>CURRENT</types1:State>
      <types1:ProcessGroup/>
      <types1:CreatedBy>yakoh50398@ustorp.com</types1:CreatedBy>
      <types1:CreationDate>2023-11-07T01:53:42Z</types1:CreationDate>
      <types1:ModifiedBy>yakoh50398@ustorp.com</types1:ModifiedBy>
      <types1:ModificationDate>2023-11-07T01:57:54Z</types1:ModificationDate>
      <types1:PublicationStatus>published</types1:PublicationStatus>
      <types1:PublishedBy>yakoh50398@ustorp.com</types1:PublishedBy>
      <types1:PublicationDate>2023-11-07T01:58:00Z</types1:PublicationDate>
      <types1:PublishedContributionId>project:/spi.proc_file_event/proc_file_event.pd.xml</types1:PublishedContributionId>
      <types1:AutosaveExists>false</types1:AutosaveExists>
      <types1:Entry>
         <process xmlns="http://schemas.active-endpoints.com/appmodules/screenflow/2010/10/avosScreenflow.xsd"
                  xmlns:tfm="http://schemas.active-endpoints.com/appmodules/screenflow/2021/04/taskflowModel.xsd"
                  xmlns:list="urn:activevos:spi:list:functions"
                  displayName="proc_file_event"
                  name="proc_file_event"
                  overrideAPIName="false">
            <parameterSet xmlns="http://schemas.active-endpoints.com/appmodules/screenflow/2021/04/taskflowModel.xsd"/>
            <appliesTo/>
            <description/>
            <tags/>
            <generator>Informatica Process Designer 11</generator>
            <input>
               <parameter description="" name="delimitedContent" type="reference">
                  <options>
                     <option name="required">false</option>
                     <option name="referenceTo">AppConnection-FE:DelimitedContent</option>
                     <option name="isCopy">true</option>
                     <option name="guid">biKuF4cp7wjj6A4XKcuCiH</option>
                  </options>
               </parameter>
            </input>
            <output>
               <field description="" name="file_name" type="string">
                  <options>
                     <option name="required">false</option>
                  </options>
               </field>
               <field description="" name="file_content" type="reference">
                  <options>
                     <option name="referenceTo">AppConnection-FE:SerializeToDelimitedContentTask</option>
                     <option name="required">false</option>
                     <option name="isCopy">true</option>
                     <option name="guid">biKuF4cp7wjj6A4XKcuCiH</option>
                  </options>
               </field>
            </output>
            <tempFields>
               <field description="" name="contentToWrite" type="reference">
                  <options>
                     <option name="referenceTo">AppConnection-FE:SerializeToDelimitedContentTask</option>
                     <option name="required">false</option>
                     <option name="isCopy">true</option>
                     <option name="guid">biKuF4cp7wjj6A4XKcuCiH</option>
                  </options>
               </field>
            </tempFields>
            <notes/>
            <deployment skipIfRunning="false" suspendOnFault="false" tracingLevel="none">
               <event eventSource="AppConnection-FE:DelimitedContentParser"/>
            </deployment>
            <flow id="a">
               <start id="b">
                  <link id="lono4ty3" targetId="lono4ty2"/>
               </start>
               <assignment id="lono4ty2">
                  <title>Assignment to File name, DelimitedContent object</title>
                  <operation source="field" to="temp.contentToWrite[1]/fileName">input.delimitedContent[1]/fileInfo[1]/name</operation>
                  <operation source="field" to="temp.contentToWrite[1]/delimitedContentObject">input.delimitedContent</operation>
                  <link id="lono4tyb" targetId="lono4tya"/>
               </assignment>
               <service id="lono4tya">
                  <title>DelimitedContentWriter</title>
                  <serviceName>AppConnection-FE:DelimitedContentWriter</serviceName>
                  <serviceGUID>biKuF4cp7wjj6A4XKcuCiH</serviceGUID>
                  <serviceInput>
                     <parameter name="serializationTask" source="field" updatable="true">temp.contentToWrite</parameter>
                  </serviceInput>
                  <link id="lono4tyc" targetId="c"/>
               </service>
               <end id="c"/>
            </flow>
         </process>
      </types1:Entry>
      <types1:GUID>7l46pcDZ30jgGnYRxOyLYb</types1:GUID>
      <types1:DisplayName>proc_file_event</types1:DisplayName>
   </types1:Item>
   <types1:CurrentServerDateTime>2023-11-16T01:42:42.812Z</types1:CurrentServerDateTime>
</aetgt:getResponse>
