<aetgt:getResponse xmlns:aetgt="http://schemas.active-endpoints.com/appmodules/repository/2010/10/avrepository.xsd"
                   xmlns:types1="http://schemas.active-endpoints.com/appmodules/repository/2010/10/avrepository.xsd">
   <types1:Item>
      <types1:EntryId>Zi9zhFtybduaa-gt-1953138-2023-11-01T23:51:52.837Z::pd.xml</types1:EntryId>
      <types1:Name>proc_getCovid_Data_Oct30_-_Copy_1</types1:Name>
      <types1:MimeType>application/xml+process</types1:MimeType>
      <types1:Description/>
      <types1:AppliesTo/>
      <types1:Tags/>
      <types1:VersionLabel>1.0</types1:VersionLabel>
      <types1:State>CURRENT</types1:State>
      <types1:ProcessGroup/>
      <types1:CreatedBy>yakoh50398@ustorp.com</types1:CreatedBy>
      <types1:CreationDate>2023-11-01T23:51:53Z</types1:CreationDate>
      <types1:ModifiedBy>yakoh50398@ustorp.com</types1:ModifiedBy>
      <types1:ModificationDate>2023-11-02T00:39:13Z</types1:ModificationDate>
      <types1:PublicationStatus>out-of-date</types1:PublicationStatus>
      <types1:PublishedBy>yakoh50398@ustorp.com</types1:PublishedBy>
      <types1:PublicationDate>2023-11-02T00:39:17Z</types1:PublicationDate>
      <types1:PublishedContributionId>project:/spi.proc_getCovid_Data_Oct30_-_Copy_1/proc_getCovid_Data_Oct30_-_Copy_1.pd.xml</types1:PublishedContributionId>
      <types1:AutosaveExists>false</types1:AutosaveExists>
      <types1:Entry>
         <process xmlns="http://schemas.active-endpoints.com/appmodules/screenflow/2010/10/avosScreenflow.xsd"
                  xmlns:tfm="http://schemas.active-endpoints.com/appmodules/screenflow/2021/04/taskflowModel.xsd"
                  xmlns:list="urn:activevos:spi:list:functions"
                  displayName="proc_getCovid_Data_Oct30 - Copy 1"
                  name="proc_getCovid_Data_Oct30_-_Copy_1"
                  overrideAPIName="false">
            <parameterSet xmlns="http://schemas.active-endpoints.com/appmodules/screenflow/2021/04/taskflowModel.xsd"/>
            <appliesTo/>
            <description/>
            <tags/>
            <generator>Informatica Process Designer 11</generator>
            <input>
               <parameter description="" name="date" type="string">
                  <options>
                     <option name="required">false</option>
                  </options>
               </parameter>
               <parameter description="" name="iso" type="string">
                  <options>
                     <option name="required">false</option>
                  </options>
               </parameter>
            </input>
            <tempFields>
               <field description="" name="file_writer" type="reference">
                  <options>
                     <option name="referenceTo">App-FW:FileWriteTask</option>
                     <option name="required">false</option>
                     <option name="isCopy">true</option>
                     <option name="guid">axTrbj3jUM5lmIF5pqElSO</option>
                  </options>
               </field>
               <field description="" name="Dates_Row" type="reference">
                  <options>
                     <option name="referenceTo">app-DBConnection-HR:COVID_INPUT_PARAM_DATA</option>
                     <option name="required">false</option>
                     <option name="isCopy">true</option>
                     <option name="guid">7Ap0IMwpiYebd3JCCF9Tg3</option>
                  </options>
               </field>
               <field description="" name="Dates_Table" type="objectlist">
                  <options>
                     <option name="referenceTo">app-DBConnection-HR:COVID_INPUT_PARAM_DATA</option>
                     <option hide="true" name="multiSelect">true</option>
                     <option name="required">false</option>
                     <option name="isCopy">true</option>
                     <option name="guid">7Ap0IMwpiYebd3JCCF9Tg3</option>
                  </options>
               </field>
            </tempFields>
            <notes/>
            <deployment skipIfRunning="false" suspendOnFault="false" tracingLevel="none">
               <rest>
                  <allowedUsers>
                     <user>yakoh50398@ustorp.com</user>
                  </allowedUsers>
               </rest>
            </deployment>
            <flow id="a">
               <start id="b">
                  <link id="logf4jj0" targetId="logf4jiz"/>
               </start>
               <assignment id="logf4jiz">
                  <title>Assignment to Dates_Table</title>
                  <operation source="list" to="temp.Dates_Table">
                     <query advanceQuery="true" from="app-DBConnection-HR:COVID_INPUT_PARAM_DATA">
                        <where>1=1</where>
                     </query>
                  </operation>
                  <link id="logf4jjk" targetId="logf4jjj"/>
               </assignment>
               <assignment id="logf4jjj">
                  <title>Assignment to Dates_Row, Dates_Table</title>
                  <operation source="formula" to="temp.Dates_Row">
                     <expression language="XQuery">list:head($temp.Dates_Table )</expression>
                  </operation>
                  <operation source="formula" to="temp.Dates_Table">
                     <expression language="XQuery">list:tail($temp.Dates_Table )</expression>
                  </operation>
                  <link id="logf4jjl" targetId="loc96o69"/>
               </assignment>
               <assignment id="lodo20y7">
                  <title>Assignment to File name, Plain File Content</title>
                  <operation source="formula" to="temp.file_writer[1]/fileName">
                     <expression language="XQuery">'T_FF_Covid_data_'||fn:current-date()||'.json'</expression>
                  </operation>
                  <operation source="formula" to="temp.file_writer[1]/content">
                     <expression language="XQuery">$output.payload </expression>
                  </operation>
                  <link id="lodo20y9" targetId="lodnqnv4"/>
               </assignment>
               <service id="loc96o69">
                  <title>GetCovidData</title>
                  <serviceName>AppConnection1Oct30:GetCovidDataOct30</serviceName>
                  <serviceGUID>abUJOSFFoxScwLIjStaKyA</serviceGUID>
                  <serviceInput>
                     <parameter name="date" source="field" updatable="true">temp.Dates_Row[1]/REPORT_DATE</parameter>
                     <parameter name="iso" source="field" updatable="true">temp.Dates_Row[1]/ISO</parameter>
                  </serviceInput>
                  <link id="lodo20y8" targetId="lodo20y7"/>
               </service>
               <service id="lodnqnv4">
                  <title>FW_CovidData</title>
                  <serviceName>App-FW:FileWriter</serviceName>
                  <serviceGUID>axTrbj3jUM5lmIF5pqElSO</serviceGUID>
                  <serviceInput>
                     <parameter name="fileWriteTask" source="field" updatable="true">temp.file_writer</parameter>
                  </serviceInput>
                  <link id="logf4jgg" targetId="logf4jgf"/>
               </service>
               <container id="logf4jgf" type="exclusive">
                  <title>Dates_Table</title>
                  <flow id="logf4jgj">
                     <jumpTo id="logf4jgv">
                        <link id="logf4jgw" targetId="logf4jjj"/>
                     </jumpTo>
                  </flow>
                  <flow id="logf4jgm">
                     <link id="logf4jgn" targetId="logf4jgf" type="containerLink"/>
                  </flow>
                  <link id="logf4jgi" targetId="logf4jgj" type="containerLink">
                     <condition source="formula">
                        <function name="not-empty">
                           <arg name="field">{$temp.Dates_Table}</arg>
                        </function>
                     </condition>
                  </link>
                  <link id="logf4jgl" targetId="logf4jgm" type="containerLink">
                     <condition source="formula">
                        <function name="empty">
                           <arg name="field">{$temp.Dates_Table}</arg>
                        </function>
                     </condition>
                  </link>
                  <link id="logf4jgh" targetId="c"/>
               </container>
               <end id="c"/>
            </flow>
         </process>
         <ns1:sample-data-sets xmlns:ns1="http://schemas.active-endpoints.com/appmodules/repository/2010/10/sampleData.xsd">
            <ns1:SampleData>
               <ns1:Id>3260a210-eb5e-442c-8c35-8239b21d6556</ns1:Id>
               <ns1:Name>aa</ns1:Name>
               <ns1:CreatedBy>yakoh50398@ustorp.com</ns1:CreatedBy>
               <ns1:CreationDate>2023-11-01T23:51:53Z</ns1:CreationDate>
               <ns1:ModifiedBy>yakoh50398@ustorp.com</ns1:ModifiedBy>
               <ns1:ModificationDate>2023-11-01T23:51:53Z</ns1:ModificationDate>
               <ns1:Data format="json">{}</ns1:Data>
            </ns1:SampleData>
         </ns1:sample-data-sets>
      </types1:Entry>
      <types1:GUID>aqprpQPAKDth3Ve3uDk8Q3</types1:GUID>
      <types1:DisplayName>proc_getCovid_Data_Oct30 - Copy 1</types1:DisplayName>
   </types1:Item>
   <types1:CurrentServerDateTime>2023-11-16T01:42:43.781Z</types1:CurrentServerDateTime>
</aetgt:getResponse>
