<aetgt:getResponse xmlns:aetgt="http://schemas.active-endpoints.com/appmodules/repository/2010/10/avrepository.xsd"
                   xmlns:types1="http://schemas.active-endpoints.com/appmodules/repository/2010/10/avrepository.xsd">
   <types1:Item>
      <types1:EntryId>J4pbgchwAQlBWlD-gt-64161-2023-10-22T14:51:14.573Z::pd.xml</types1:EntryId>
      <types1:Name>proc_my_first_Process</types1:Name>
      <types1:MimeType>application/xml+process</types1:MimeType>
      <types1:Description/>
      <types1:AppliesTo/>
      <types1:Tags/>
      <types1:VersionLabel>1.0</types1:VersionLabel>
      <types1:State>CURRENT</types1:State>
      <types1:ProcessGroup/>
      <types1:CreatedBy>yakoh50398@ustorp.com</types1:CreatedBy>
      <types1:CreationDate>2023-10-22T14:51:15Z</types1:CreationDate>
      <types1:ModifiedBy/>
      <types1:PublicationStatus>published</types1:PublicationStatus>
      <types1:PublishedBy>yakoh50398@ustorp.com</types1:PublishedBy>
      <types1:PublicationDate>2023-10-22T14:52:02Z</types1:PublicationDate>
      <types1:PublishedContributionId>project:/spi.proc_my_first_Process/proc_my_first_Process.pd.xml</types1:PublishedContributionId>
      <types1:AutosaveExists>false</types1:AutosaveExists>
      <types1:Entry>
         <process xmlns="http://schemas.active-endpoints.com/appmodules/screenflow/2010/10/avosScreenflow.xsd"
                  xmlns:tfm="http://schemas.active-endpoints.com/appmodules/screenflow/2021/04/taskflowModel.xsd"
                  xmlns:list="urn:activevos:spi:list:functions"
                  displayName="proc_my_first_Process"
                  name="proc_my_first_Process"
                  overrideAPIName="false">
            <parameterSet xmlns="http://schemas.active-endpoints.com/appmodules/screenflow/2021/04/taskflowModel.xsd"/>
            <appliesTo/>
            <description/>
            <tags/>
            <generator>Informatica Process Designer 11</generator>
            <input>
               <parameter description="" name="username" required="true" type="string">
                  <options>
                     <option name="required">false</option>
                  </options>
               </parameter>
               <parameter description="" name="password" required="true" type="string">
                  <options>
                     <option name="required">false</option>
                  </options>
               </parameter>
            </input>
            <output>
               <field description="" name="out_response" type="string">
                  <options>
                     <option name="required">false</option>
                  </options>
               </field>
            </output>
            <notes/>
            <deployment skipIfRunning="false" suspendOnFault="false" tracingLevel="none">
               <rest>
                  <allowedUsers>
                     <user>yakoh50398@ustorp.com</user>
                  </allowedUsers>
               </rest>
            </deployment>
            <flow id="a">
               <start id="b">
                  <link id="lo1kwj2i" targetId="lo1kwj2h"/>
               </start>
               <assignment id="lo1kwj2h">
                  <title>Assignment to out_response</title>
                  <operation source="formula" to="output.out_response">
                     <expression language="XQuery">'Hello '||$input.username||
'Welcome to IICS – CAI Process'</expression>
                  </operation>
                  <link id="lo1kwj2j" targetId="c"/>
               </assignment>
               <end id="c"/>
            </flow>
         </process>
      </types1:Entry>
      <types1:GUID>a0obSbXz8TocXJh0hosB6f</types1:GUID>
      <types1:DisplayName>proc_my_first_Process</types1:DisplayName>
   </types1:Item>
   <types1:CurrentServerDateTime>2023-11-16T01:42:42.583Z</types1:CurrentServerDateTime>
</aetgt:getResponse>
