<aetgt:getResponse xmlns:aetgt="http://schemas.active-endpoints.com/appmodules/repository/2010/10/avrepository.xsd"
                   xmlns:types1="http://schemas.active-endpoints.com/appmodules/repository/2010/10/avrepository.xsd">
   <types1:Item>
      <types1:EntryId>MUvIw8jIw8jIw8j-gt-1970055-2023-11-02T01:51:46.622Z::pd.xml</types1:EntryId>
      <types1:Name>proc_getCovid_Data_Oct30_-_bkp</types1:Name>
      <types1:MimeType>application/xml+process</types1:MimeType>
      <types1:Description/>
      <types1:AppliesTo/>
      <types1:Tags/>
      <types1:VersionLabel>1.0</types1:VersionLabel>
      <types1:State>CURRENT</types1:State>
      <types1:ProcessGroup/>
      <types1:CreatedBy>yakoh50398@ustorp.com</types1:CreatedBy>
      <types1:CreationDate>2023-11-02T01:51:47Z</types1:CreationDate>
      <types1:ModifiedBy>yakoh50398@ustorp.com</types1:ModifiedBy>
      <types1:ModificationDate>2023-11-02T01:52:01Z</types1:ModificationDate>
      <types1:PublicationStatus>unpublished</types1:PublicationStatus>
      <types1:AutosaveExists>false</types1:AutosaveExists>
      <types1:Entry>
         <process xmlns="http://schemas.active-endpoints.com/appmodules/screenflow/2010/10/avosScreenflow.xsd"
                  xmlns:tfm="http://schemas.active-endpoints.com/appmodules/screenflow/2021/04/taskflowModel.xsd"
                  xmlns:list="urn:activevos:spi:list:functions"
                  displayName="proc_getCovid_Data_Oct30 - bkp"
                  name="proc_getCovid_Data_Oct30_-_bkp"
                  overrideAPIName="false">
            <parameterSet xmlns="http://schemas.active-endpoints.com/appmodules/screenflow/2021/04/taskflowModel.xsd"/>
            <appliesTo/>
            <description/>
            <tags/>
            <generator>Informatica Process Designer 11</generator>
            <input>
               <parameter description="" name="date" type="string">
                  <options>
                     <option name="required">false</option>
                  </options>
               </parameter>
               <parameter description="" name="iso" type="string">
                  <options>
                     <option name="required">false</option>
                  </options>
               </parameter>
            </input>
            <tempFields>
               <field description="" name="file_writer" type="reference">
                  <options>
                     <option name="referenceTo">App-FW:FileWriteTask</option>
                     <option name="required">false</option>
                     <option name="isCopy">true</option>
                     <option name="guid">axTrbj3jUM5lmIF5pqElSO</option>
                  </options>
               </field>
            </tempFields>
            <notes/>
            <deployment skipIfRunning="false" suspendOnFault="false" tracingLevel="none">
               <rest>
                  <allowedUsers>
                     <user>yakoh50398@ustorp.com</user>
                  </allowedUsers>
               </rest>
            </deployment>
            <flow id="a">
               <start id="b">
                  <link id="loc96o6p" targetId="loc96o6o"/>
               </start>
               <assignment id="loc96o6o">
                  <title>Assignment to date, iso</title>
                  <operation source="constant" to="input.date">2021-03-14</operation>
                  <operation source="constant" to="input.iso">IND</operation>
                  <link id="loc96o6q" targetId="loc96o69"/>
               </assignment>
               <assignment id="lodo20y7">
                  <title>Assignment to File name, Plain File Content</title>
                  <operation source="formula" to="temp.file_writer[1]/fileName">
                     <expression language="XQuery">'T_FF_Covid_data_'||fn:current-date()||'.json'</expression>
                  </operation>
                  <operation source="formula" to="temp.file_writer[1]/content">
                     <expression language="XQuery">$output.payload </expression>
                  </operation>
                  <link id="lodo20y9" targetId="lodnqnv4"/>
               </assignment>
               <service id="loc96o69">
                  <title>GetCovidData</title>
                  <serviceName>AppConnection1Oct30:GetCovidDataOct30</serviceName>
                  <serviceGUID>abUJOSFFoxScwLIjStaKyA</serviceGUID>
                  <serviceInput>
                     <parameter name="date" source="field" updatable="true">input.date</parameter>
                     <parameter name="iso" source="field" updatable="true">input.iso</parameter>
                  </serviceInput>
                  <link id="lodo20y8" targetId="lodo20y7"/>
               </service>
               <service id="lodnqnv4">
                  <title>FW_CovidData</title>
                  <serviceName>App-FW:FileWriter</serviceName>
                  <serviceGUID>axTrbj3jUM5lmIF5pqElSO</serviceGUID>
                  <serviceInput>
                     <parameter name="fileWriteTask" source="field" updatable="true">temp.file_writer</parameter>
                  </serviceInput>
                  <link id="lodnqnv6" targetId="c"/>
               </service>
               <end id="c"/>
            </flow>
         </process>
         <ns1:sample-data-sets xmlns:ns1="http://schemas.active-endpoints.com/appmodules/repository/2010/10/sampleData.xsd">
            <ns1:SampleData>
               <ns1:Id>03703853-0b5a-4c14-aaa6-ddb78339fdc7</ns1:Id>
               <ns1:Name>aa</ns1:Name>
               <ns1:CreatedBy>yakoh50398@ustorp.com</ns1:CreatedBy>
               <ns1:CreationDate>2023-11-02T01:51:47Z</ns1:CreationDate>
               <ns1:ModifiedBy>yakoh50398@ustorp.com</ns1:ModifiedBy>
               <ns1:ModificationDate>2023-11-02T01:51:47Z</ns1:ModificationDate>
               <ns1:Data format="json">{}</ns1:Data>
            </ns1:SampleData>
         </ns1:sample-data-sets>
      </types1:Entry>
      <types1:GUID>d5DBxm8HjcWjAJfc8Z9Twi</types1:GUID>
      <types1:DisplayName>proc_getCovid_Data_Oct30 - bkp</types1:DisplayName>
   </types1:Item>
   <types1:CurrentServerDateTime>2023-11-16T01:42:43.794Z</types1:CurrentServerDateTime>
</aetgt:getResponse>
