<aetgt:getResponse xmlns:aetgt="http://schemas.active-endpoints.com/appmodules/repository/2010/10/avrepository.xsd"
                   xmlns:types1="http://schemas.active-endpoints.com/appmodules/repository/2010/10/avrepository.xsd">
   <types1:Item>
      <types1:EntryId>wRr2x6CjqFVNN5K-gt-2884886-2023-11-08T01:40:39.356Z::pd.xml</types1:EntryId>
      <types1:Name>proc_calculator</types1:Name>
      <types1:MimeType>application/xml+process</types1:MimeType>
      <types1:Description/>
      <types1:AppliesTo/>
      <types1:Tags/>
      <types1:VersionLabel>1.0</types1:VersionLabel>
      <types1:State>CURRENT</types1:State>
      <types1:ProcessGroup/>
      <types1:CreatedBy>yakoh50398@ustorp.com</types1:CreatedBy>
      <types1:CreationDate>2023-11-08T01:40:39Z</types1:CreationDate>
      <types1:ModifiedBy>yakoh50398@ustorp.com</types1:ModifiedBy>
      <types1:ModificationDate>2023-11-08T01:42:47Z</types1:ModificationDate>
      <types1:PublicationStatus>published</types1:PublicationStatus>
      <types1:PublishedBy>yakoh50398@ustorp.com</types1:PublishedBy>
      <types1:PublicationDate>2023-11-08T01:42:50Z</types1:PublicationDate>
      <types1:PublishedContributionId>project:/spi.proc_calculator/proc_calculator.pd.xml</types1:PublishedContributionId>
      <types1:AutosaveExists>false</types1:AutosaveExists>
      <types1:Entry>
         <process xmlns="http://schemas.active-endpoints.com/appmodules/screenflow/2010/10/avosScreenflow.xsd"
                  xmlns:tfm="http://schemas.active-endpoints.com/appmodules/screenflow/2021/04/taskflowModel.xsd"
                  xmlns:list="urn:activevos:spi:list:functions"
                  displayName="proc_calculator"
                  name="proc_calculator"
                  overrideAPIName="false">
            <parameterSet xmlns="http://schemas.active-endpoints.com/appmodules/screenflow/2021/04/taskflowModel.xsd"/>
            <appliesTo/>
            <description/>
            <tags/>
            <generator>Informatica Process Designer 11</generator>
            <input>
               <parameter description="" name="num1" required="true" type="int">
                  <options>
                     <option name="required">false</option>
                  </options>
               </parameter>
               <parameter description="" name="num2" required="true" type="int">
                  <options>
                     <option name="required">false</option>
                  </options>
               </parameter>
            </input>
            <output>
               <field description="" name="result" type="int">
                  <options>
                     <option name="required">false</option>
                     <option name="initialvalue">0</option>
                  </options>
               </field>
            </output>
            <notes/>
            <deployment skipIfRunning="false" suspendOnFault="false" tracingLevel="none">
               <rest>
                  <allowedUsers>
                     <user>yakoh50398@ustorp.com</user>
                  </allowedUsers>
                  <additionalConstraint>
                     <constraint>APIM</constraint>
                  </additionalConstraint>
               </rest>
            </deployment>
            <flow id="a">
               <start id="b">
                  <link id="lop3btz7" targetId="lop3btz6"/>
               </start>
               <assignment id="lop3btz6">
                  <title>Assignment to result</title>
                  <operation source="formula" to="output.result">
                     <expression language="XQuery">$input.num1*$input.num2</expression>
                  </operation>
                  <link id="lop3btz8" targetId="c"/>
               </assignment>
               <end id="c"/>
            </flow>
         </process>
      </types1:Entry>
      <types1:GUID>4ooIulH5dxjlqPbY1xNEip</types1:GUID>
      <types1:DisplayName>proc_calculator</types1:DisplayName>
   </types1:Item>
   <types1:CurrentServerDateTime>2023-11-16T01:42:42.009Z</types1:CurrentServerDateTime>
</aetgt:getResponse>
