<aetgt:getResponse xmlns:aetgt="http://schemas.active-endpoints.com/appmodules/repository/2010/10/avrepository.xsd"
                   xmlns:types1="http://schemas.active-endpoints.com/appmodules/repository/2010/10/avrepository.xsd">
   <types1:Item>
      <types1:EntryId>ObbeErhNzUzeA8r-gt-543908-2023-10-25T02:24:05.648Z::pd.xml</types1:EntryId>
      <types1:Name>proc_myFirstCAIProcess</types1:Name>
      <types1:MimeType>application/xml+process</types1:MimeType>
      <types1:Description/>
      <types1:AppliesTo/>
      <types1:Tags>.anonymous</types1:Tags>
      <types1:VersionLabel>1.0</types1:VersionLabel>
      <types1:State>CURRENT</types1:State>
      <types1:ProcessGroup/>
      <types1:CreatedBy>yakoh50398@ustorp.com</types1:CreatedBy>
      <types1:CreationDate>2023-10-25T02:24:06Z</types1:CreationDate>
      <types1:ModifiedBy>yakoh50398@ustorp.com</types1:ModifiedBy>
      <types1:ModificationDate>2023-10-26T02:12:54Z</types1:ModificationDate>
      <types1:PublicationStatus>published</types1:PublicationStatus>
      <types1:PublishedBy>yakoh50398@ustorp.com</types1:PublishedBy>
      <types1:PublicationDate>2023-10-26T02:12:56Z</types1:PublicationDate>
      <types1:PublishedContributionId>project:/spi.proc_myFirstCAIProcess/proc_myFirstCAIProcess.pd.xml</types1:PublishedContributionId>
      <types1:AutosaveExists>false</types1:AutosaveExists>
      <types1:Entry>
         <process xmlns="http://schemas.active-endpoints.com/appmodules/screenflow/2010/10/avosScreenflow.xsd"
                  xmlns:tfm="http://schemas.active-endpoints.com/appmodules/screenflow/2021/04/taskflowModel.xsd"
                  xmlns:list="urn:activevos:spi:list:functions"
                  displayName="proc_myFirstCAIProcess"
                  name="proc_myFirstCAIProcess"
                  overrideAPIName="false">
            <parameterSet xmlns="http://schemas.active-endpoints.com/appmodules/screenflow/2021/04/taskflowModel.xsd"/>
            <appliesTo/>
            <description/>
            <tags>.anonymous</tags>
            <generator>Informatica Process Designer 11</generator>
            <input>
               <parameter description="" name="username" required="true" type="string">
                  <options>
                     <option name="required">false</option>
                  </options>
               </parameter>
               <parameter description="" name="password" required="true" type="string">
                  <options>
                     <option name="required">false</option>
                  </options>
               </parameter>
            </input>
            <output>
               <field description="" name="response" type="string">
                  <options>
                     <option name="required">false</option>
                  </options>
               </field>
            </output>
            <notes/>
            <deployment skipIfRunning="false" suspendOnFault="false" tracingLevel="none">
               <rest>
                  <allowAnonymousAccess/>
               </rest>
            </deployment>
            <flow id="a">
               <start id="b">
                  <link id="lo54ivjk" targetId="lo54ivjj"/>
               </start>
               <assignment id="lo54ivjj">
                  <title>Assignment to response</title>
                  <operation source="formula" to="output.response">
                     <expression language="XQuery">'Hello '||$input.username||
' Welcome to IICS-CAI Process-Updated one'</expression>
                  </operation>
                  <link id="lo54ivjl" targetId="c"/>
               </assignment>
               <end id="c"/>
            </flow>
         </process>
         <ns1:sample-data-sets xmlns:ns1="http://schemas.active-endpoints.com/appmodules/repository/2010/10/sampleData.xsd">
            <ns1:SampleData>
               <ns1:Id>406c1d81-99fa-4fc6-b95f-d37ee65946e4</ns1:Id>
               <ns1:Name>input1</ns1:Name>
               <ns1:CreatedBy>yakoh50398@ustorp.com</ns1:CreatedBy>
               <ns1:CreationDate>2023-10-26T02:05:23Z</ns1:CreationDate>
               <ns1:ModifiedBy>yakoh50398@ustorp.com</ns1:ModifiedBy>
               <ns1:ModificationDate>2023-10-26T02:05:23Z</ns1:ModificationDate>
               <ns1:Data format="json">{
	 "username": "nic",
	 "password": "xxxx"
}</ns1:Data>
            </ns1:SampleData>
         </ns1:sample-data-sets>
      </types1:Entry>
      <types1:GUID>kLZT8EFH5AbggxelSqu8AU</types1:GUID>
      <types1:DisplayName>proc_myFirstCAIProcess</types1:DisplayName>
   </types1:Item>
   <types1:CurrentServerDateTime>2023-11-16T01:42:42.552Z</types1:CurrentServerDateTime>
</aetgt:getResponse>
