<aetgt:getResponse xmlns:aetgt="http://schemas.active-endpoints.com/appmodules/repository/2010/10/avrepository.xsd"
                   xmlns:types1="http://schemas.active-endpoints.com/appmodules/repository/2010/10/avrepository.xsd">
   <types1:Item>
      <types1:EntryId>4s9fYLnzYLnzYLn-gt-2640168-2023-11-07T02:18:21.896Z::pd.xml</types1:EntryId>
      <types1:Name>Proc_ProcessObject</types1:Name>
      <types1:MimeType>application/xml+process</types1:MimeType>
      <types1:Description/>
      <types1:AppliesTo/>
      <types1:Tags/>
      <types1:VersionLabel>1.0</types1:VersionLabel>
      <types1:State>CURRENT</types1:State>
      <types1:ProcessGroup/>
      <types1:CreatedBy>yakoh50398@ustorp.com</types1:CreatedBy>
      <types1:CreationDate>2023-11-07T02:18:22Z</types1:CreationDate>
      <types1:ModifiedBy>yakoh50398@ustorp.com</types1:ModifiedBy>
      <types1:ModificationDate>2023-11-07T02:22:27Z</types1:ModificationDate>
      <types1:PublicationStatus>published</types1:PublicationStatus>
      <types1:PublishedBy>yakoh50398@ustorp.com</types1:PublishedBy>
      <types1:PublicationDate>2023-11-07T02:22:37Z</types1:PublicationDate>
      <types1:PublishedContributionId>project:/spi.Proc_ProcessObject/Proc_ProcessObject.pd.xml</types1:PublishedContributionId>
      <types1:AutosaveExists>false</types1:AutosaveExists>
      <types1:Entry>
         <process xmlns="http://schemas.active-endpoints.com/appmodules/screenflow/2010/10/avosScreenflow.xsd"
                  xmlns:tfm="http://schemas.active-endpoints.com/appmodules/screenflow/2021/04/taskflowModel.xsd"
                  xmlns:list="urn:activevos:spi:list:functions"
                  displayName="Proc_ProcessObject"
                  name="Proc_ProcessObject"
                  overrideAPIName="false">
            <parameterSet xmlns="http://schemas.active-endpoints.com/appmodules/screenflow/2021/04/taskflowModel.xsd"/>
            <appliesTo/>
            <description/>
            <tags/>
            <generator>Informatica Process Designer 11</generator>
            <input>
               <parameter description="" name="customerInData" type="reference">
                  <options>
                     <option name="referenceTo">$po:po_customer_data</option>
                     <option name="required">false</option>
                     <option name="isCopy">true</option>
                     <option name="guid">8m90KBNUvPNlhCiJoMLW09</option>
                  </options>
               </parameter>
            </input>
            <output>
               <field description="" name="cust_id" type="int">
                  <options>
                     <option name="required">false</option>
                  </options>
               </field>
               <field description="" name="cust_FullName" type="string">
                  <options>
                     <option name="required">false</option>
                  </options>
               </field>
               <field description="" name="cust_phone_number" type="int">
                  <options>
                     <option name="required">false</option>
                  </options>
               </field>
            </output>
            <notes/>
            <deployment skipIfRunning="false" suspendOnFault="false" tracingLevel="none">
               <rest>
                  <allowedUsers>
                     <user>yakoh50398@ustorp.com</user>
                  </allowedUsers>
               </rest>
            </deployment>
            <flow id="a">
               <start id="b">
                  <link id="lonp5m0g" targetId="lonp5m0f"/>
               </start>
               <assignment id="lonp5m0f">
                  <title>Assignment to cust_id, cust_FullName etc.</title>
                  <operation source="field" to="output.cust_id">input.customerInData[1]/cust_id</operation>
                  <operation source="formula" to="output.cust_FullName">
                     <expression language="XQuery">fn:concat($input.customerInData[1]/cust_FirstName , $input.customerInData[1]/cust_LastName)</expression>
                  </operation>
                  <operation source="field" to="output.cust_phone_number">input.customerInData[1]/cust_Phone_number</operation>
                  <link id="lonp5m0h" targetId="c"/>
               </assignment>
               <end id="c"/>
            </flow>
         </process>
      </types1:Entry>
      <types1:GUID>7jsS0lLncgUe2yDzCRsMIU</types1:GUID>
      <types1:DisplayName>Proc_ProcessObject</types1:DisplayName>
   </types1:Item>
   <types1:CurrentServerDateTime>2023-11-16T01:42:42.857Z</types1:CurrentServerDateTime>
</aetgt:getResponse>
