<aetgt:getResponse xmlns:aetgt="http://schemas.active-endpoints.com/appmodules/repository/2010/10/avrepository.xsd"
                   xmlns:types1="http://schemas.active-endpoints.com/appmodules/repository/2010/10/avrepository.xsd">
   <types1:Item>
      <types1:EntryId>NqkVL3C7snSDg8S-gt-1402683-2023-10-30T02:02:26.424Z::pd.xml</types1:EntryId>
      <types1:Name>proc_getCovid_Data_Oct30</types1:Name>
      <types1:MimeType>application/xml+process</types1:MimeType>
      <types1:Description/>
      <types1:AppliesTo/>
      <types1:Tags/>
      <types1:VersionLabel>1.0</types1:VersionLabel>
      <types1:State>CURRENT</types1:State>
      <types1:ProcessGroup/>
      <types1:CreatedBy>yakoh50398@ustorp.com</types1:CreatedBy>
      <types1:CreationDate>2023-10-30T02:02:26Z</types1:CreationDate>
      <types1:ModifiedBy>yakoh50398@ustorp.com</types1:ModifiedBy>
      <types1:ModificationDate>2023-11-02T02:27:03Z</types1:ModificationDate>
      <types1:PublicationStatus>published</types1:PublicationStatus>
      <types1:PublishedBy>yakoh50398@ustorp.com</types1:PublishedBy>
      <types1:PublicationDate>2023-11-02T02:27:16Z</types1:PublicationDate>
      <types1:PublishedContributionId>project:/spi.proc_getCovid_Data_Oct30/proc_getCovid_Data_Oct30.pd.xml</types1:PublishedContributionId>
      <types1:AutosaveExists>false</types1:AutosaveExists>
      <types1:Entry>
         <process xmlns="http://schemas.active-endpoints.com/appmodules/screenflow/2010/10/avosScreenflow.xsd"
                  xmlns:tfm="http://schemas.active-endpoints.com/appmodules/screenflow/2021/04/taskflowModel.xsd"
                  xmlns:list="urn:activevos:spi:list:functions"
                  displayName="proc_getCovid_Data_Oct30"
                  name="proc_getCovid_Data_Oct30"
                  overrideAPIName="false">
            <parameterSet xmlns="http://schemas.active-endpoints.com/appmodules/screenflow/2021/04/taskflowModel.xsd"/>
            <appliesTo/>
            <description/>
            <tags/>
            <generator>Informatica Process Designer 11</generator>
            <input>
               <parameter description="" name="date" type="string">
                  <options>
                     <option name="required">false</option>
                  </options>
               </parameter>
               <parameter description="" name="iso" type="string">
                  <options>
                     <option name="required">false</option>
                  </options>
               </parameter>
            </input>
            <tempFields>
               <field description="" name="file_writer" type="reference">
                  <options>
                     <option name="referenceTo">App-FW:FileWriteTask</option>
                     <option name="required">false</option>
                     <option name="isCopy">true</option>
                     <option name="guid">axTrbj3jUM5lmIF5pqElSO</option>
                  </options>
               </field>
               <field description="" name="Date_Row" type="reference">
                  <options>
                     <option name="referenceTo">app-DBConnection-HR:COVID_INPUT_PARAM_DATA</option>
                     <option name="required">false</option>
                     <option name="isCopy">true</option>
                     <option name="guid">7Ap0IMwpiYebd3JCCF9Tg3</option>
                  </options>
               </field>
               <field description="" name="Date_Table" type="objectlist">
                  <options>
                     <option name="referenceTo">app-DBConnection-HR:COVID_INPUT_PARAM_DATA</option>
                     <option hide="true" name="multiSelect">true</option>
                     <option name="required">false</option>
                     <option name="isCopy">true</option>
                     <option name="guid">7Ap0IMwpiYebd3JCCF9Tg3</option>
                  </options>
               </field>
            </tempFields>
            <notes/>
            <deployment skipIfRunning="false" suspendOnFault="false" tracingLevel="none">
               <rest>
                  <allowedUsers>
                     <user>yakoh50398@ustorp.com</user>
                  </allowedUsers>
               </rest>
            </deployment>
            <flow id="a">
               <start id="b">
                  <link id="logixyzq" targetId="logixyzp"/>
               </start>
               <assignment id="logixyzp">
                  <title>Assignment to Date_Table</title>
                  <operation source="list" to="temp.Date_Table">
                     <query advanceQuery="true" from="app-DBConnection-HR:COVID_INPUT_PARAM_DATA">
                        <where>1=1</where>
                     </query>
                  </operation>
                  <link id="logixz00" targetId="logixyzz"/>
               </assignment>
               <assignment id="logixyzz">
                  <title>Assignment to Date_Row, Date_Table</title>
                  <operation source="formula" to="temp.Date_Row">
                     <expression language="XQuery">list:head($temp.Date_Table )</expression>
                  </operation>
                  <operation source="formula" to="temp.Date_Table">
                     <expression language="XQuery">list:tail($temp.Date_Table )</expression>
                  </operation>
                  <link id="logixz01" targetId="loc96o69"/>
               </assignment>
               <assignment id="lodo20y7">
                  <title>Assignment to File name, Plain File Content</title>
                  <operation source="formula" to="temp.file_writer[1]/fileName">
                     <expression language="XQuery">'T_FF_Covid_data_'||fn:current-date()||'.json'</expression>
                  </operation>
                  <operation source="formula" to="temp.file_writer[1]/content">
                     <expression language="XQuery">$output.payload </expression>
                  </operation>
                  <link id="lodo20y9" targetId="lodnqnv4"/>
               </assignment>
               <service id="loc96o69">
                  <title>GetCovidData</title>
                  <serviceName>AppConnection1Oct30:GetCovidDataOct30</serviceName>
                  <serviceGUID>abUJOSFFoxScwLIjStaKyA</serviceGUID>
                  <serviceInput>
                     <parameter name="date" source="field" updatable="true">temp.Date_Row[1]/REPORT_DATE</parameter>
                     <parameter name="iso" source="field" updatable="true">temp.Date_Row[1]/ISO</parameter>
                  </serviceInput>
                  <link id="logixz2j" targetId="logixz2i"/>
               </service>
               <service id="lodnqnv4">
                  <title>FW_CovidData</title>
                  <serviceName>App-FW:FileWriter</serviceName>
                  <serviceGUID>axTrbj3jUM5lmIF5pqElSO</serviceGUID>
                  <serviceInput>
                     <parameter name="fileWriteTask" source="field" updatable="true">temp.file_writer</parameter>
                  </serviceInput>
                  <link id="logixz16" targetId="logixz15"/>
               </service>
               <create id="logixz2i">
                  <title>COVID_OUTPUT_DATA</title>
                  <entityName>app-DBConnection-HR:COVID_OUTPUT_DATA</entityName>
                  <createInput>
                     <parameter name="CONFIRMED" source="field" updatable="true">output.confirmed</parameter>
                     <parameter name="RECOVERED" source="field" updatable="true">output.recovered</parameter>
                     <parameter name="ACTIVE" source="field" updatable="true">output.active</parameter>
                     <parameter name="PAYLOAD" source="field" updatable="true">output.payload</parameter>
                  </createInput>
                  <link id="logixz2k" targetId="lodo20y7"/>
               </create>
               <container id="logixz15" type="exclusive">
                  <title>Date_Table</title>
                  <flow id="logixz19">
                     <jumpTo id="logixz1l">
                        <link id="logixz1m" targetId="logixyzz"/>
                     </jumpTo>
                  </flow>
                  <flow id="logixz1c">
                     <link id="logixz1d" targetId="logixz15" type="containerLink"/>
                  </flow>
                  <link id="logixz18" targetId="logixz19" type="containerLink">
                     <condition source="formula">
                        <function name="not-empty">
                           <arg name="field">{$temp.Date_Table}</arg>
                        </function>
                     </condition>
                  </link>
                  <link id="logixz1b" targetId="logixz1c" type="containerLink">
                     <condition source="formula">
                        <function name="empty">
                           <arg name="field">{$temp.Date_Table}</arg>
                        </function>
                     </condition>
                  </link>
                  <link id="logixz17" targetId="c"/>
               </container>
               <end id="c"/>
            </flow>
         </process>
         <ns1:sample-data-sets xmlns:ns1="http://schemas.active-endpoints.com/appmodules/repository/2010/10/sampleData.xsd">
            <ns1:SampleData>
               <ns1:Id>095c35d5-8644-4e27-944c-7a71c99bec6f</ns1:Id>
               <ns1:Name>aa</ns1:Name>
               <ns1:CreatedBy>yakoh50398@ustorp.com</ns1:CreatedBy>
               <ns1:CreationDate>2023-10-30T02:07:29Z</ns1:CreationDate>
               <ns1:ModifiedBy>yakoh50398@ustorp.com</ns1:ModifiedBy>
               <ns1:ModificationDate>2023-10-30T02:07:29Z</ns1:ModificationDate>
               <ns1:Data format="json">{}</ns1:Data>
            </ns1:SampleData>
         </ns1:sample-data-sets>
      </types1:Entry>
      <types1:GUID>1NKPLtOOUWOjg5772NgNMJ</types1:GUID>
      <types1:DisplayName>proc_getCovid_Data_Oct30</types1:DisplayName>
   </types1:Item>
   <types1:CurrentServerDateTime>2023-11-16T01:42:43.809Z</types1:CurrentServerDateTime>
</aetgt:getResponse>
