<aetgt:getResponse xmlns:aetgt="http://schemas.active-endpoints.com/appmodules/repository/2010/10/avrepository.xsd"
                   xmlns:types1="http://schemas.active-endpoints.com/appmodules/repository/2010/10/avrepository.xsd">
   <types1:Item>
      <types1:EntryId>E7ppppppppppppp-gt-2581835-2023-11-06T18:56:24.499Z::pd.xml</types1:EntryId>
      <types1:Name>Process5</types1:Name>
      <types1:MimeType>application/xml+process</types1:MimeType>
      <types1:Description/>
      <types1:AppliesTo/>
      <types1:Tags>.agent:NIC</types1:Tags>
      <types1:VersionLabel>1.0</types1:VersionLabel>
      <types1:State>CURRENT</types1:State>
      <types1:ProcessGroup/>
      <types1:CreatedBy>yakoh50398@ustorp.com</types1:CreatedBy>
      <types1:CreationDate>2023-11-06T18:56:25Z</types1:CreationDate>
      <types1:ModifiedBy/>
      <types1:PublicationStatus>published</types1:PublicationStatus>
      <types1:PublishedBy>yakoh50398@ustorp.com</types1:PublishedBy>
      <types1:PublicationDate>2023-11-06T19:00:09Z</types1:PublicationDate>
      <types1:PublishedContributionId>project:/spi.Process5/Process5.pd.xml</types1:PublishedContributionId>
      <types1:AutosaveExists>false</types1:AutosaveExists>
      <types1:Entry>
         <process xmlns="http://schemas.active-endpoints.com/appmodules/screenflow/2010/10/avosScreenflow.xsd"
                  xmlns:tfm="http://schemas.active-endpoints.com/appmodules/screenflow/2021/04/taskflowModel.xsd"
                  xmlns:list="urn:activevos:spi:list:functions"
                  displayName="Process5"
                  name="Process5"
                  overrideAPIName="false">
            <parameterSet xmlns="http://schemas.active-endpoints.com/appmodules/screenflow/2021/04/taskflowModel.xsd"/>
            <appliesTo/>
            <description/>
            <tags>.agent:NIC</tags>
            <generator>Informatica Process Designer 11</generator>
            <input>
               <parameter description="" name="delimitedContent" type="reference">
                  <options>
                     <option name="required">false</option>
                     <option name="referenceTo">AppConnection1:DelimitedContent</option>
                     <option name="isCopy">true</option>
                     <option name="guid">4eKaqJ1fJ7SlTLzz8hAfM3</option>
                  </options>
               </parameter>
            </input>
            <output>
               <field description="" name="file_name" type="string">
                  <options>
                     <option name="required">false</option>
                  </options>
               </field>
               <field description="" name="file_content" type="string">
                  <options>
                     <option name="required">false</option>
                  </options>
               </field>
            </output>
            <tempFields>
               <field description="" name="contenttowrite" type="reference">
                  <options>
                     <option name="referenceTo">AppConnection1:SerializeToDelimitedContentTask</option>
                     <option name="required">false</option>
                     <option name="isCopy">true</option>
                     <option name="guid">4eKaqJ1fJ7SlTLzz8hAfM3</option>
                  </options>
               </field>
            </tempFields>
            <notes/>
            <deployment skipIfRunning="false" suspendOnFault="false" tracingLevel="verbose">
               <targetLocation>NIC</targetLocation>
               <event eventSource="AppConnection1:DelimitedContentParser"/>
            </deployment>
            <flow id="a">
               <start id="b">
                  <link id="lon99pfn" targetId="lon99pfm"/>
               </start>
               <assignment id="lon99pfm">
                  <title>Assignment to File name, DelimitedContent object</title>
                  <operation source="field" to="temp.contenttowrite[1]/fileName">input.delimitedContent[1]/fileInfo[1]/name</operation>
                  <operation source="field" to="temp.contenttowrite[1]/delimitedContentObject">input.delimitedContent</operation>
                  <link id="lon99pfx" targetId="lon99pfw"/>
               </assignment>
               <service id="lon99pfw">
                  <title>DelimitedContentWriter</title>
                  <serviceName>AppConnection1:DelimitedContentWriter</serviceName>
                  <serviceGUID>4eKaqJ1fJ7SlTLzz8hAfM3</serviceGUID>
                  <serviceInput>
                     <parameter name="serializationTask" source="field" updatable="true">temp.contenttowrite</parameter>
                  </serviceInput>
                  <link id="lon99pfy" targetId="c"/>
               </service>
               <end id="c"/>
            </flow>
         </process>
      </types1:Entry>
      <types1:GUID>jTZvEQwYDA4lnJjQRUsreV</types1:GUID>
      <types1:DisplayName>Process5</types1:DisplayName>
   </types1:Item>
   <types1:CurrentServerDateTime>2023-11-16T01:42:42.791Z</types1:CurrentServerDateTime>
</aetgt:getResponse>
