<aetgt:getResponse xmlns:aetgt="http://schemas.active-endpoints.com/appmodules/repository/2010/10/avrepository.xsd"
                   xmlns:types1="http://schemas.active-endpoints.com/appmodules/repository/2010/10/avrepository.xsd">
   <types1:Item>
      <types1:EntryId>dsYybdsMkdypKwK-gt-1402947-2023-10-30T01:54:27.054Z::svc.xml</types1:EntryId>
      <types1:Name>sc-ServiceConnector1Oct30</types1:Name>
      <types1:ParentFlowIds>kTLCVGkSSHCwkNm-gt-1402218-2023-10-30T01:59:16.165Z::conn.xml</types1:ParentFlowIds>
      <types1:MimeType>application/xml+businesssconnector</types1:MimeType>
      <types1:Description/>
      <types1:AppliesTo/>
      <types1:Tags/>
      <types1:VersionLabel>1.0</types1:VersionLabel>
      <types1:State>CURRENT</types1:State>
      <types1:ProcessGroup/>
      <types1:CreatedBy>yakoh50398@ustorp.com</types1:CreatedBy>
      <types1:CreationDate>2023-10-30T01:54:27Z</types1:CreationDate>
      <types1:ModifiedBy>yakoh50398@ustorp.com</types1:ModifiedBy>
      <types1:ModificationDate>2023-10-31T02:04:20Z</types1:ModificationDate>
      <types1:PublicationStatus>published</types1:PublicationStatus>
      <types1:PublishedBy>yakoh50398@ustorp.com</types1:PublishedBy>
      <types1:PublicationDate>2023-10-31T02:04:25Z</types1:PublicationDate>
      <types1:PublishedContributionId>project:/rt.connector/sc_ServiceConnector1Oct30/sc_ServiceConnector1Oct30_svcDef.xml</types1:PublishedContributionId>
      <types1:AutosaveExists>false</types1:AutosaveExists>
      <types1:Entry>
         <businessConnector xmlns="http://schemas.informatica.com/socrates/data-services/2014/05/business-connector-model.xsd"
                            agentOnly="false"
                            debug="false"
                            displayName="sc-ServiceConnector1Oct30"
                            label=""
                            name="sc-ServiceConnector1Oct30"
                            uuid="2532ee65-e549-4cab-abeb-d01cf743a57b">
            <description/>
            <tags/>
            <connectionAttributes xmlns="http://schemas.informatica.com/appmodules/screenflow/2014/04/avosConnectors.xsd"/>
            <actions>
               <action category=""
                       failOnError="true"
                       forSearch="false"
                       label="GetCovidDataOct30"
                       maxRedirects="100"
                       name="GetCovidDataOct30"
                       preemptiveAuth="true"
                       responseEncoding="">
                  <description/>
                  <input>
                     <parameter description=""
                                label="date"
                                name="date"
                                required="false"
                                testWith="2022-06-14"
                                type="string"/>
                     <parameter description=""
                                label="iso"
                                name="iso"
                                required="false"
                                testWith="IND"
                                type="string"/>
                  </input>
                  <binding>
                     <restSimpleBinding multiUsing="semicolonSeparated"
                                        url="https://covid-api.com/api/reports/total"
                                        verb="GET">
                        <mutualAuth enabled="false">
                           <keyStore mode="file"/>
                           <keyStorePassword/>
                        </mutualAuth>
                     </restSimpleBinding>
                  </binding>
                  <output>
                     <field description=""
                            name="confirmed"
                            property="confirmed"
                            type="double"/>
                     <field description="" name="active" property="active" type="double"/>
                     <field description=""
                            name="recovered"
                            property="recovered"
                            type="double"/>
                     <field description="" name="payload" type="string">
                        <xquery>{$RESTResponse/*:payload/text()}</xquery>
                     </field>
                  </output>
               </action>
            </actions>
            <objects/>
         </businessConnector>
      </types1:Entry>
      <types1:GUID>3eJpOh2PEM6bcevGrna54c</types1:GUID>
      <types1:DisplayName>sc-ServiceConnector1Oct30</types1:DisplayName>
   </types1:Item>
   <types1:CurrentServerDateTime>2023-11-16T01:42:42.202Z</types1:CurrentServerDateTime>
</aetgt:getResponse>
