<aetgt:getResponse xmlns:aetgt="http://schemas.active-endpoints.com/appmodules/repository/2010/10/avrepository.xsd"
                   xmlns:types1="http://schemas.active-endpoints.com/appmodules/repository/2010/10/avrepository.xsd">
   <types1:Item>
      <types1:EntryId>FsWTzIf6riX2FNB-gt-1231610-2023-10-28T15:08:15.512Z::svc.xml</types1:EntryId>
      <types1:Name>ServiceConnector2</types1:Name>
      <types1:ParentFlowIds>Di1NjtaaabbgdoG-gt-1231895-2023-10-28T15:10:53.48Z::conn.xml</types1:ParentFlowIds>
      <types1:MimeType>application/xml+businesssconnector</types1:MimeType>
      <types1:Description/>
      <types1:AppliesTo/>
      <types1:Tags/>
      <types1:VersionLabel>1.0</types1:VersionLabel>
      <types1:State>CURRENT</types1:State>
      <types1:ProcessGroup/>
      <types1:CreatedBy>yakoh50398@ustorp.com</types1:CreatedBy>
      <types1:CreationDate>2023-10-28T15:08:16Z</types1:CreationDate>
      <types1:ModifiedBy>yakoh50398@ustorp.com</types1:ModifiedBy>
      <types1:ModificationDate>2023-11-04T15:26:50Z</types1:ModificationDate>
      <types1:PublicationStatus>published</types1:PublicationStatus>
      <types1:PublishedBy>yakoh50398@ustorp.com</types1:PublishedBy>
      <types1:PublicationDate>2023-11-04T15:27:02Z</types1:PublicationDate>
      <types1:PublishedContributionId>project:/rt.connector/ServiceConnector2/ServiceConnector2_svcDef.xml</types1:PublishedContributionId>
      <types1:AutosaveExists>false</types1:AutosaveExists>
      <types1:Entry>
         <businessConnector xmlns="http://schemas.informatica.com/socrates/data-services/2014/05/business-connector-model.xsd"
                            agentOnly="false"
                            debug="false"
                            displayName="ServiceConnector2"
                            label=""
                            name="ServiceConnector2"
                            uuid="76c67f11-809c-4a40-9877-a7e494099f3a">
            <description/>
            <tags/>
            <connectionAttributes xmlns="http://schemas.informatica.com/appmodules/screenflow/2014/04/avosConnectors.xsd"/>
            <actions>
               <action category=""
                       failOnError="true"
                       forSearch="false"
                       label="GetCovidData"
                       maxRedirects="100"
                       name="GetCovidData"
                       preemptiveAuth="true"
                       responseEncoding="">
                  <description/>
                  <input>
                     <parameter description=""
                                label="date"
                                name="date"
                                required="false"
                                testWith="2021-03-14"
                                type="string"/>
                     <parameter description=""
                                label="iso"
                                name="iso"
                                required="false"
                                testWith="USA"
                                type="string"/>
                  </input>
                  <binding>
                     <restSimpleBinding multiUsing="semicolonSeparated"
                                        url="https://covid-api.com/api/reports/total"
                                        verb="GET">
                        <mutualAuth enabled="false">
                           <keyStore mode="file"/>
                           <keyStorePassword/>
                        </mutualAuth>
                     </restSimpleBinding>
                  </binding>
                  <output>
                     <field description=""
                            name="confirmed"
                            property="confirmed"
                            type="double"/>
                     <field description=""
                            name="recovered"
                            property="recovered"
                            type="double"/>
                     <field description="" name="active" property="active" type="double"/>
                     <field description="" name="payload" type="string">
                        <xquery>{$RESTResponse/*:payload/text()}</xquery>
                     </field>
                  </output>
               </action>
            </actions>
            <objects/>
         </businessConnector>
      </types1:Entry>
      <types1:GUID>d8Q9WzBMF0sea3rK70qDCO</types1:GUID>
      <types1:DisplayName>ServiceConnector2</types1:DisplayName>
   </types1:Item>
   <types1:CurrentServerDateTime>2023-11-16T01:42:42.568Z</types1:CurrentServerDateTime>
</aetgt:getResponse>
