<aetgt:getResponse xmlns:aetgt="http://schemas.active-endpoints.com/appmodules/repository/2010/10/avrepository.xsd"
                   xmlns:types1="http://schemas.active-endpoints.com/appmodules/repository/2010/10/avrepository.xsd">
   <types1:Item>
      <types1:EntryId>K3jhBjop81V4Ady-gt-213990-2023-10-22T14:11:58.582Z::tf.xml</types1:EntryId>
      <types1:Name>Taskflow2</types1:Name>
      <types1:MimeType>application/xml+taskflow</types1:MimeType>
      <types1:Description/>
      <types1:AppliesTo/>
      <types1:Tags/>
      <types1:VersionLabel>1.0</types1:VersionLabel>
      <types1:State>CURRENT</types1:State>
      <types1:ProcessGroup/>
      <types1:CreatedBy>yakoh50398@ustorp.com</types1:CreatedBy>
      <types1:CreationDate>2023-10-22T14:11:59Z</types1:CreationDate>
      <types1:ModifiedBy>yakoh50398@ustorp.com</types1:ModifiedBy>
      <types1:ModificationDate>2023-10-22T14:16:35Z</types1:ModificationDate>
      <types1:PublicationStatus>unpublished</types1:PublicationStatus>
      <types1:AutosaveExists>false</types1:AutosaveExists>
      <types1:Entry>
         <taskflow xmlns="http://schemas.active-endpoints.com/appmodules/screenflow/2010/10/avosScreenflow.xsd"
                   xmlns:tfm="http://schemas.active-endpoints.com/appmodules/screenflow/2021/04/taskflowModel.xsd"
                   xmlns:list="urn:activevos:spi:list:functions"
                   displayName="Taskflow2"
                   name="Taskflow2"
                   overrideAPIName="false">
            <parameterSet xmlns="http://schemas.active-endpoints.com/appmodules/screenflow/2021/04/taskflowModel.xsd"/>
            <appliesTo/>
            <description/>
            <tags/>
            <generator>Informatica Process Designer 11</generator>
            <tempFields>
               <field description="" name="Command Task 1" type="reference">
                  <options>
                     <option name="referenceTo">$po:INFA-commandTask</option>
                  </options>
               </field>
            </tempFields>
            <notes/>
            <deployment skipIfRunning="false" suspendOnFault="false" tracingLevel="verbose">
               <rest/>
            </deployment>
            <flow id="a">
               <start id="b">
                  <link id="lnv4hpt9" targetId="lnv4hpt8"/>
               </start>
               <service id="lnv4hpt8">
                  <title>Command Task 1</title>
                  <serviceName>ICSExecuteCommandTask</serviceName>
                  <serviceGUID/>
                  <serviceInput>
                     <parameter name="Task Name" source="constant">Command Task 1</parameter>
                     <parameter name="Wait for Task to Complete" source="constant">true</parameter>
                     <parameter name="Runtime Environment" source="constant"/>
                     <parameter name="Max Wait" source="constant">86400</parameter>
                     <parameter name="Script Name" source="constant"/>
                     <parameter name="Input Arguments" source="constant"/>
                     <parameter name="Work Directory" source="constant"/>
                     <parameter name="RuntimeEnvGUID" source="constant"/>
                     <parameter name="FailTaskIfAnyScriptFails" source="constant">false</parameter>
                     <parameter name="taskField" source="nested">
                        <operation source="field" to="INFA-commandTask">temp.Command Task 1</operation>
                        <operation source="constant" to="INFA-commandTask/input[1]/script-1/name">Script1</operation>
                        <operation source="constant" to="INFA-commandTask/input[1]/script-1/scriptName"/>
                        <operation source="constant"
                                   to="INFA-commandTask/input[1]/script-1/inputArguments"/>
                        <operation source="constant" to="INFA-commandTask/input[1]/script-1/workDir"/>
                     </parameter>
                  </serviceInput>
                  <serviceOutput/>
                  <link id="lnv4hpta" targetId="j3wfjy2k"/>
               </service>
               <service id="j3wfjy2k">
                  <title>Data Task 1</title>
                  <serviceName>ICSExecuteDataTask</serviceName>
                  <serviceGUID/>
                  <serviceInput/>
                  <serviceOutput/>
                  <link id="lnv4hpsy" targetId="lnv4hpsx"/>
               </service>
               <service id="lnv4hpsx">
                  <title>Notification Task 1</title>
                  <serviceName>emailNotificationService</serviceName>
                  <serviceGUID/>
                  <serviceInput/>
                  <serviceOutput/>
                  <link id="lnv4hpsz" targetId="j3wfjy2s"/>
               </service>
               <service id="j3wfjy2s">
                  <title>Data Task 2</title>
                  <serviceName>ICSExecuteDataTask</serviceName>
                  <serviceGUID/>
                  <serviceInput/>
                  <serviceOutput/>
                  <link id="j3wfjy2u" targetId="c"/>
               </service>
               <end id="c"/>
            </flow>
            <dependencies>
               <processObject xmlns="http://schemas.active-endpoints.com/appmodules/screenflow/2011/06/avosHostEnvironment.xsd"
                              displayName="INFA-commandTask"
                              isByCopy="true"
                              name="INFA-commandTask">
                  <description>This process object represents a taskflow specific command task output field details.</description>
                  <tags/>
                  <detail>
                     <field label="Output Parameters"
                            name="output"
                            nullable="true"
                            required="false"
                            type="reference"/>
                     <field label="Fault"
                            name="fault"
                            nullable="true"
                            required="false"
                            type="reference"/>
                  </detail>
               </processObject>
            </dependencies>
         </taskflow>
      </types1:Entry>
      <types1:GUID>hmm03J1UbsjjdWCbdoVFEH</types1:GUID>
      <types1:DisplayName>Taskflow2</types1:DisplayName>
   </types1:Item>
   <types1:CurrentServerDateTime>2023-11-16T01:42:41.647Z</types1:CurrentServerDateTime>
</aetgt:getResponse>
