objectPath,objectName,objectType,id
/Explore/NiC IT Academy/Dev,m_Unconnected_Lookup1,DTEMPLATE,deJdWa4koUnlrlqM5j6CWk
/Explore/Default,mt_Data_load_Employees1,MTT,8QaBCJKr3zZivvIA31VoEx
/Explore/NiC IT Academy/Dev,m_Filter_Transformation,DTEMPLATE,2ra6uNGJqaned3QcnSuCEN
/Explore/Default,Process4,PROCESS,atpergrMGARjFsX640yCQg
/Explore/Weekday_CDI/Dev,m_Load_4th_record,DTEMPLATE,5dwliWxCxVTgOlq6LCFDo1
/Explore/Weekday_CDI/Dev,m_XML_MM,DTEMPLATE,lTNILA7e2CYiEo7NBM1uEy
/SYS,Oracle_Src1,Connection,kn4OgnevaoNd5JWeSNatuw
/SYS,Oracle_Src,Connection,2NcS3MN0s3dcoGZCW1W8yK
/Explore/Default,m_Transaction_Control,DTEMPLATE,8o5F9m4zEwCfpCEkol5YEY
/Explore/Default,m_connected_SP,DTEMPLATE,2V0yxuFrli8bgdopVHW2Se
/Explore/NiC IT Academy/Dev,m_dummy,DTEMPLATE,6lQ5B2pt4nbf5apafZgIMy
/Explore/Default,p_get_user_information,PROCESS,2AsVgaaXqFSkPjWW4Q3ims
/Explore/NiC IT Academy/Dev,m_Connected_SP,DTEMPLATE,jFpZI8YARmChARHUxoeykC
/Explore/Default,Process2,PROCESS,fyyVdDve06xeRkOYoUb9eJ
/Explore/NiC IT Academy/Dev,m_UnConnected_SP,DTEMPLATE,48Ok93PsiHce2L5hVR8hsa
/Explore/Weekday_CDI/Dev,mt_shared_seq1,MTT,2L8QiiU5Kn9lxuA1fV7YMv
/Explore/Default,mt_source_Transformation,MTT,7cPrTOGfYwplqLTBHDUemV
/Explore/NiC IT Academy/Dev,m_File_List_Employees,DTEMPLATE,3oBzq1k6KcUcPmUcAwmCSh
/Explore/NiC IT Academy/Dev,Mapping9,DTEMPLATE,7zZem9XXYnme8KICdYIz2P
/SYS,NIC,AgentGroup,1D03DipgXBbkDsHw4uvdUE
/Explore/NiC IT Academy/Dev,Business Service1,BSERVICE,9HgXwfRZQd4iSbCm1mHZmo
/Explore/Weekday_CDI/Dev,m_sequence_gen,DTEMPLATE,kgZWJbnkuSUbacJFeg6QYj
/Explore/Default,Mapping12,DTEMPLATE,gC1OhrRqvQJkMzStqORwOy
/Explore/Default,ism,STRUCTURE_DISCOVERY,72ZCzdhxG05hvDmNykWBot
/SYS,AWS_ED_SEP,Connection,0ueAfCsG43Qd7VxwQReH4Y
/SYS,Orcl_Src,Connection,4LFKNY0zO6VkttuZDowYaI
/Explore/Default,mt_TC,MTT,ekaLYNztnsuionuYuo320u
/Explore/Weekday_CDI/Dev,m_Filter_Transformation,DTEMPLATE,6ci9sz8GWqNdfNaFdRXaOj
/Explore/Default,m_Rank_Transformation,DTEMPLATE,8Eqj7ee0vwrcOc6jxDinYa
/Explore/NiC IT Academy/Dev,m_Sequence_Generator,DTEMPLATE,2byt7BYT5s0kmxiN8KQE8y
/Explore/Weekday_CDI/Dev,Mapping14,DTEMPLATE,63vujlEjE2yiBCVuLDHEyA
/Explore/NiC IT Academy/Dev,Hierarchical Schema2,HSCHEMA,4y6SkoLiuDVjSRnDOhpgGR
/Explore/NiC IT Academy/Dev,Fixed-Width File Format1,FWCONFIG,dJC354asgagixMv2W4AzaL
/Explore/NiC IT Academy/Dev,Mapping3,DTEMPLATE,3md52WilfILjVrjZWCHLyD
/Explore/NiC IT Academy/Dev,m_Customer_SCD_Type1,DTEMPLATE,e65CA5ElFCnjpVSpqx8c4A
/Explore,NiC IT Academy,Project,7uY8J0f9e6GkZ3MC1vfK0y
/Explore/Default,fl_touch_source_team,MI_FILE_LISTENER,8pwdMm8y3cWdubHnJX5Z4g
/Explore/NiC IT Academy/Dev,m_Shard_Seq1,DTEMPLATE,2PQEvyo1GZzjJMXFA0UrA4
/Explore/Default,tf_data_availability,TASKFLOW,0icg7qcF8k0hI7CoQ4IGoS
/SYS,Google_cloud_Tgt_DB,Connection,a0eDxecZsBMiMMAo0d3h65
/Explore/NiC IT Academy/Dev,m_S3_to_Oracle_EMP,DTEMPLATE,47LXWSbuy5Wf2dOTqc9n6X
/Explore/Default,m_Data_Availability_Check,DTEMPLATE,4ilBSrowjczizamdhfQ0yQ
/Explore/Default,mplt_epoch_conversion,DMAPPLET,9Jf0GykAiHilsaelhyiKqd
/SYS,GCS,Connection,5X6IHi6Pz0Dez3CNimWCmM
/SYS,salesforce_conn,Connection,7qhBV5yfHKxbAvpTYQrgYN
/Explore/Weekday_CDI/Dev,m_T_FF_Employees,DTEMPLATE,afbMLQXXymfeBydS5aMfI6
/Explore/Default,FileEvent,AI_CONNECTION,5uuWNwhsaOfhOl3QBCXu4H
/Explore/Weekday_CDI/Dev,Mapping16,DTEMPLATE,cEmNPAQcu4SjWQ3H6G4z65
/SYS,T_FF_CONN,Connection,59Os88vXo7ac1I8x4hlie6
/Explore/Weekday_CDI/Dev,mt_Sequence_Generator,MTT,1zXu8x4t1cZjSNoeNcQzwK
/SYS,Snowflake_HR_DB,Connection,1qcYnx3n7MWl8tI4Ev8cUR
/SYS,Source_File,Connection,4YylW7g1sYyi47BqUhfYup
/Explore/NiC IT Academy/Dev,Mapping7,DTEMPLATE,0QsudFLJBGibLLC1f6hZiv
/SYS,Rest V2 Covid3,Connection,5ekJN610ngVliy43AqU7yy
/Explore/NiC IT Academy/Dev,m_S_FF_Employees,DTEMPLATE,b9ePbabU5iEhtuysFEU1WA
/SYS,Rest V2_covid,Connection,fsow7Vpcx4DdGleAiVv8KQ
/Explore/NiC IT Academy/Dev,m_Joiner_Transformation,DTEMPLATE,84OL1dkVypmhjepBgmzIyv
/Explore/NiC IT Academy/Dev,Mapping2,DTEMPLATE,4PwhvLE8uyWdL3OFhg9PEY
/Explore/NiC IT Academy/Dev,Mapping8,DTEMPLATE,7deiFlj4t4ahKHSran2l82
/Explore/NiC IT Academy/Dev,m_Sorter_Transformation,DTEMPLATE,9hbVEn6J9CSeYE6J00XMY0
/SYS,Rest V2,Connection,57jc81UrDIBfyqUeQOE4sc
/Explore/Weekday_CDI/Dev,m_Snowflake_Data_Load_EMP,DTEMPLATE,lXUQCb15GaceC8Hs1Yhji2
/Explore/Default,m_Employees_Snowflake,DTEMPLATE,5gY8pLXYf2DeIBaTITzH6g
/SYS,GCP_IICS17_HR_DB,Connection,7lg3fu5WPstkxonllSj0cq
/Explore/Weekday_CDI/Dev,m_EMP_TXN_excel_source,DTEMPLATE,3gPlcnRyAkElWjUALd3OWi
/Explore/Default,Business Service1,BSERVICE,2i0q4eFuNM0eqSV789MbCl
/Explore/NiC IT Academy/Dev,Mapping4,DTEMPLATE,jVDUmuDLEiNf1oCXsIDOGM
/Explore/Default,m_router,DTEMPLATE,4vOyx08sTXfgMsAypvVXkH
/Explore/NiC IT Academy/Dev,m_Union_Transformation,DTEMPLATE,dbre1xPQ0mGjPTsTFbn5a2
/Explore/Weekday_CDI/Dev,m_AWS_Source,DTEMPLATE,hcQbvineOc1baM5IhtmziN
/Explore/Default,customerdata,PROCESS_OBJECT,3JStey6wTEefOLfTDqP9Ae
/Explore/NiC IT Academy/Dev,m_Target,DTEMPLATE,ammBVyc7pyzdWwQCHaBjmJ
/Explore/Default,m_API_CALL_Covid_Data,DTEMPLATE,7jir1q7En0bfErXI8fPsQs
/Explore/Weekday_CDI/Dev,m_File_List_Employees_Data,DTEMPLATE,ddapMiCZyEKf2h1zmfa1wd
/Explore/Default,Business Service Books,BSERVICE,291KRhhTaPSlQhYrWxkpml
/Explore/NiC IT Academy/Dev,ISM_EMP_TXN,STRUCTURE_DISCOVERY,jNTxsDc1J4Re8wI0LvvxOX
/Explore/NiC IT Academy/Dev,Fixed-Width File Format2,FWCONFIG,bFEczrxM5cqkJRCiQjdqkt
/Explore/Default,mt_PDO,MTT,l98CqBBJEs2bW3j4vUqYwo
/Explore/Default,Mapping18,DTEMPLATE,iHPOh7pWLOPgcBCjVSTiy2
/Explore/NiC IT Academy/Dev,m_SQL_Transformation,DTEMPLATE,281BNIN78r4hbkE1h0uUQn
/Explore/NiC IT Academy/Dev,m_Test_Mapping,DTEMPLATE,9HLiKRnVzWNlW56VYVVumo
/Explore/Weekday_CDI/Dev,Hierarchical Schema5,HSCHEMA,20UjwhD9VSqddmOmBbW9UD
/Explore/NiC IT Academy/Dev,m_Expression_Transformation_gcp,DTEMPLATE,2zTPQ1ZsqqNfhaW2156NqP
/Explore/Weekday_CDI/Dev,m_Router_Transformation,DTEMPLATE,2B7BTrIsQ6NcOQ4wPsPQEz
/Explore,Weekday_CDI,Project,3ZIA8CWEX2GdYCD5aDYd4p
/Explore/Weekday_CDI/Dev,Mapping17,DTEMPLATE,gFdJ7IoYy6blxuOT8pG4wc
/Explore/Weekday_CDI/Dev,SharedSequence1,SequenceGenerator,2qIMjoGi6y6jFl9zsUUyum
/Explore/Default,p_FileBasedEvent,PROCESS,fpUlWLwOAG0ek6tqmLwDwT
/Explore/NiC IT Academy/Dev,m_shared2,DTEMPLATE,jcL8K5XnomEhvoHC40SGQe
/Explore/NiC IT Academy/Dev,m_Dense_Rank2,DTEMPLATE,4JiVZJj9s2keEBonpbeNmQ
/Explore/NiC IT Academy/Dev,Mapping5,DTEMPLATE,8g81vhGkebPevQ6q62hlKu
/Explore/NiC IT Academy/Dev,m_lookup_policy2,DTEMPLATE,9uPMdjhZhEmibrYjZqHACg
/Explore/Weekday_CDI/Dev,m_Target,DTEMPLATE,0miVMvg4Yc1lc7iSKKifI0
/Explore/NiC IT Academy/Dev,Hierarchical Schema1,HSCHEMA,8Dos3ffWvbicKDD0kKs7ga
/Explore/NiC IT Academy/Dev,m_Json_Product,DTEMPLATE,8c1EUXrxkM4iQzAg8pb7uG
/Explore/NiC IT Academy/Dev,Hierarchical Schema3,HSCHEMA,0WO8lol6fSPjqpu69wHx0v
/Explore/NiC IT Academy/Dev,m_Aggregator,DTEMPLATE,5FKQTx3H6BRic1XAUN7W4E
/Explore/NiC IT Academy/Dev,m_Router_Transformation,DTEMPLATE,77ZwZJwfIvNi5j6OFdrtOa
/Explore/NiC IT Academy/Dev,m_S_Ff_Employees_Unicode,DTEMPLATE,7cdSWgXNWcyhsFP4ZeIYGF
/Explore/NiC IT Academy/Dev,m_Multiple_Return_port,DTEMPLATE,5IyNMzMpzwwgxiUCkGlVm8
/Explore/NiC IT Academy/Dev,m_Connected_Lookup1,DTEMPLATE,8Re5LYA3omLdhkTc2BenOM
/Explore/Default,Process3,PROCESS,84vRgtfDMC1bpZo1gWRkSl
/Explore/Default,Mapping10,DTEMPLATE,36oWVjJ86RdgzicqF52NSp
/Explore/Default,Mapping1,DTEMPLATE,1hXCJrFu5OQbY9q9W1EYUk
/Explore/Weekday_CDI/Dev,mt_Expression_Macros21,MTT,3VNfaQdmWt3dfVKKRlPzIp
/Explore/Weekday_CDI/Dev,m_S3_Oracle_Employees,DTEMPLATE,6pmZU0hG3hEkUKhoCTAocG
/Explore/Default,m_filter_Transformation,DTEMPLATE,5NIbVkfoD4BguowEVJcuqi
/Explore/Weekday_CDI/Dev,m_Employees_XML,DTEMPLATE,0DZMjmjk1y0kV2hJ7DfL09
/Explore/NiC IT Academy/Dev,m_T_FF_Employees,DTEMPLATE,0zFGfYGwo9Skig0SEY90Il
/Explore/Default,mt_data_availability_check,MTT,1fzw2TsVEWeeNrto5uEykc
/SYS,Oracle_Tgt,Connection,a0LX9o7XlbBkxoJUtOHVmC
/Explore/NiC IT Academy/Dev,Synchronization Task1,DSS,aiEaHxuzUXubi34ut4nZ8z
/Explore/Weekday_CDI/Dev,mt_Expression_Macros,MTT,8J7NjUUGlcWeNb8i9rs3ww
/Explore/Weekday_CDI/Dev,m_Source_Transformation,DTEMPLATE,894VABXLnxCfu0UIg3Qqs6
/Explore/NiC IT Academy/Dev,m_one_to_one,DTEMPLATE,9pL5BCle0qkcR5v1U44524
/SYS,S_FF,Connection,atcFqjpBlMqchRWNAwHkoK
/Explore/Default,Linear Taskflow1,WORKFLOW,abPqlvX3xIhfcWzDr9Ey2X
/Explore/Default,tf_Single_Task,TASKFLOW,4VFR32cFM29f6QbQCSWemW
/Explore/Default,m_Data_load_employees1,DTEMPLATE,dVgbrkCoPqjiBMHytW1cYf
/Explore/Weekday_CDI/Dev,m_Normalizer,DTEMPLATE,6YxShBmnDN8lpRVNBxO86J
/Explore/NiC IT Academy/Dev,m_Oracle_To_BiGQuery_Emp,DTEMPLATE,g756ntYdFwBezjSOaZfAYF
/Explore/NiC IT Academy/Dev,m_Expression_Transformation2,DTEMPLATE,0DYZZdWWCSYdQ5ADRWmdu0
/Explore/NiC IT Academy/Dev,m_Oracle_to_Snowflake_EMP,DTEMPLATE,aGpiqE1pE23knH8UWLMti9
/Explore/Default,p_calculator_addition,PROCESS,4wT1xDIb5bHdCxoBNH9roy
/Explore/Weekday_CDI/Dev,m_aggregator,DTEMPLATE,5dXefcLgp6mg1ujKpii44X
/Explore/NiC IT Academy/Dev,Mapping1,DTEMPLATE,bY57Tjc4DKPgBqn264IrG0
/Explore/Weekday_CDI/Dev,m_shared_seq2,DTEMPLATE,a0Ri5D4AnkDlJbXtAv1Ue4
/Explore/Default,Mapping11,DTEMPLATE,a9kng4RLcIqciXfaIYu7Qh
/Explore/Default,m_Source_Transformation,DTEMPLATE,7330VDlu1jZkbHA3JET1Gp
/Explore/Weekday_CDI/Dev,Mapping15,DTEMPLATE,3yQiKnjP8E6c0ZrzmULjaB
/Explore/Default,p_Process_Object,PROCESS,7zuVGa9yg1zjGJTWE4tzSr
/Explore/NiC IT Academy/Dev,m_Source_Transformation,DTEMPLATE,aF8qmTuBz71cOZfwG7oe6p
/Explore/Weekday_CDI,Dev,Folder,9JqvWjo4Svrj9s0o5sTK6t
/Explore/Weekday_CDI/Dev,m_GCP_Bigquery,DTEMPLATE,aYmnMSSxfengYQYe38VUSo
/Explore/Weekday_CDI/Dev,m_First_Mapping,DTEMPLATE,4XVuCFykvIBi3VpEtg1luG
/Explore/NiC IT Academy/Dev,m_Expression_Macros1,DTEMPLATE,1d62qftRIeSbjSZxTe38Y9
/Explore/Weekday_CDI/Dev,m_Expression_macros,DTEMPLATE,8uSrPTYcnbRgROyPZObKAZ
/Explore/Weekday_CDI/Dev,m_Lookup_Policy,DTEMPLATE,j3bY0iGxkaHfXcY7vTkhcv
/Explore/Default,Taskflow2,TASKFLOW,2lbD7NdFWU5ct0PSbymgSB
/SYS,GCS_SEP,Connection,5ZV4JA3pwYIb9FD4bgbuA8
/SYS,Snowflake_CORE_DB,Connection,3KPnyMwTYUagoFS2GStGab
/Explore/Weekday_CDI/Dev,Fixed-Width File Format3,FWCONFIG,8Igk6TZvTx2lLU9unFqcGK
/Explore/Weekday_CDI/Dev,m_Expression,DTEMPLATE,9Effi8MqH1ahz5QJnxxXoM
/Explore/Default,m_Aggregator,DTEMPLATE,2KFIurRhrwHe5Mq4T8BUy7
/Explore/Weekday_CDI/Dev,m_Unconnected_lookup,DTEMPLATE,8Td03Zb3YzhgbeIoV0kRUP
/Explore/NiC IT Academy/Dev,m_Load_every_4th_record,DTEMPLATE,fcUSxFWJsEskTwL8g4uHg7
/Explore/Weekday_CDI/Dev,m_Sorter,DTEMPLATE,19d6NwBg9hHlrklk5BYgUg
/Explore/NiC IT Academy/Dev,m_Ora_To_GCP_BG_Employees,DTEMPLATE,87to20mVJfier4klLM4MyW
/Explore/Default,m_Sorter,DTEMPLATE,gSiJyjl22iHi2oAL5hDygH
/Explore/Weekday_CDI/Dev,m_Snowflake_GCS,DTEMPLATE,fcfDn9wy48jfa6WLTTJbwN
/Explore/Default,fileEvent2,AI_CONNECTION,kKtjW2mUUATg58n2PkrIKl
/SYS,AWS-S3,Connection,3pfjEgxuZ6fgb2XoObPC8B
/Explore/Weekday_CDI/Dev,m_Target_SCD_Type1,DTEMPLATE,2I0RvwQtOEKjpdvAzVf8A5
/Explore/NiC IT Academy/Dev,m_Excel_EMP_TXN,DTEMPLATE,9o3OYmAWBZOiiPjMJbl8QG
/Explore/Weekday_CDI/Dev,m_Java_Transformation,DTEMPLATE,5XSk83H51oOgY2wS8vOamX
/Explore/Default,tf_Master_Taskflow,TASKFLOW,53H91vxRiKjc4wqxt1vgKE
/Explore/NiC IT Academy/Dev,Mapping6,DTEMPLATE,0gNebGuVI2zcfkGbxjbQah
/Explore/NiC IT Academy/Dev,SharedSequence11,SequenceGenerator,b6hm5TdiCuIedGmfO6odWi
/Explore/Weekday_CDI/Dev,mt_shared_seq2,MTT,9UYG5LN3Fxvbz9a8jR9Pi2
/SYS,GCP_Tgt_DB,Connection,95XylHdH341hQtjaLrh1yw
/SYS,S_FF_Connection_mm-dd-yyyy,Connection,l9J1TG5Cdu0fE2emzZim8l
/Explore/Weekday_CDI/Dev,m_Expression_Transformation,DTEMPLATE,i8qLaSnRtKKfcpZZ1V9PAK
/Explore/NiC IT Academy,Dev,Folder,anUSpCFce6nibJS2UedZse
/Explore/Weekday_CDI/Dev,emp_txn_ISM,STRUCTURE_DISCOVERY,1DlSyJh2e3GkXuyMGD1MC7
/Explore/Default,m_Partitioning,DTEMPLATE,64XDpHdcJMtjB02n7o0Ue6
/SYS,Orcl_Tgt,Connection,7FQXzHZ1Ga5bLi9rUYKHm2
/Explore/Weekday_CDI/Dev,mt_File_List_Employees_Data,MTT,ab4pDP8HcjceNYyR0tPbOH
/Explore/Default,m_Webservice_Transformation,DTEMPLATE,2orf0yKSUYzf5lF2UjpI8k
/Explore/Weekday_CDI/Dev,m_S_FF_Employees,DTEMPLATE,iMh8gPtWpk2jzMcPv4AgYy
/Explore/NiC IT Academy/Dev,m_Lookup_policy,DTEMPLATE,8MddNvOT1KHlD6jYbP0fGB
/Explore/Weekday_CDI/Dev,m_macros,DTEMPLATE,5TKn2G6xxu8fVx7c5f4Zyj
/Explore/Weekday_CDI/Dev,m_Product_JSON,DTEMPLATE,apWz0NfvPCRjtFlfjJAiAB
/SYS,T_FF_CONN_EMP,Connection,cxZvqMEiVGZfvHW5tDuJOp
/Explore/NiC IT Academy/Dev,m_Lookup_Transformation,DTEMPLATE,56jj7KNKhOcfVNeqeG6lWb
/Explore/Weekday_CDI/Dev,mt_S_FF_Employees_Data,MTT,5T9KDoZPlk8fX8sSBsDHIj
/SYS,Snowflake_TARGET_DB,Connection,9LbiyK2VHiQdO2Kf3YpbsW
/Explore/Default,Process1,PROCESS,3COGHdkAXc1dRIpYSEWrG5
/SYS,Rest_V2_Books,Connection,1j30AFOO1oIgAfboLoCRwj
/Explore/Default,tf_Source_Taskflow,TASKFLOW,49kf8PSSTgMiEFZ4qZ2RuJ
/Explore/Weekday_CDI/Dev,m_AWS_Oracle_S3,DTEMPLATE,1KXy3250RdileUFwGTWcmm
/Explore/NiC IT Academy/Dev,Shared_Sequence1,SequenceGenerator,64vIFTXyxJRlTcVqW31Eso
/SYS,AWS-S3-IICS17,Connection,9uwdVhFdfbSjHxZzscSh0v
/Explore/Default,Mapping19,DTEMPLATE,6XSNFsCP9g2jUQHuMpr1oZ
/SYS,GCP_BG_SEP,Connection,95NkUYCt9e3hVXzG9Brdow
/Explore/Weekday_CDI/Dev,m_Fixed_Width_File_Customer,DTEMPLATE,auJFqzWId3UhRlObYhQl0e
/Explore/Weekday_CDI/Dev,Hierarchical Schema1 JSON Product,HSCHEMA,1GsJ5Hxd3E8bEWMfQRzDkt
/Explore/Default,m_PDO,DTEMPLATE,a3EIe3CygqSl7WtvIPS6SQ
/Explore/NiC IT Academy/Dev,m_Expression_Transformation,DTEMPLATE,ida4gq1ECG3ekp6QsaxquF
/Explore/NiC IT Academy/Dev,Replication Task1,DRS,0taS1e5RNWdkTNOzGZQ3UN
/Explore/Default,FileEvent11,AI_CONNECTION,55ZKQsIhPaacAjvPyLIPI4
/Explore/Weekday_CDI/Dev,Hierarchical Schema4,HSCHEMA,iACAdat7Sgxl0s1SiVZd8c
/Explore/Weekday_CDI/Dev,m_Connected_Lookup,DTEMPLATE,18T5Qm30q8ZdSEjimytN6o
/Explore,Default,Project,2NA31L7yqtSkWbnemsHhio
/Explore/Weekday_CDI/Dev,Mapping13,DTEMPLATE,1W7T4pTrzsuhKNTDd8nnwr
/Explore/Default,tf_Parallel_Taskflow1,TASKFLOW,25xD9D8bLK6kbGumUrPPwJ
/Explore/Weekday_CDI/Dev,m_AWS_S3_T_FF_EMP,DTEMPLATE,a7Ex0MCu4gadCodbmYAqSi
/Explore/NiC IT Academy/Dev,m_Fixed_Width_File,DTEMPLATE,95FS09SRoOqfcRehh7iFUQ
/Explore/Default,m_Snowflake_To_GCP,DTEMPLATE,9L3PDzDqTuNknvMYfyVc8x
/Explore/Default,m_SQL_Transformation,DTEMPLATE,5Ls8cblEWICj75780JUSQd
/Explore/Weekday_CDI/Dev,m_shared_seq1,DTEMPLATE,dGKmI5Oyy6HjuGYBO5q5Uw
/Explore/Default,Business_Service3,BSERVICE,9YH0k4QGu4YjO65jtecamU
/Explore/Weekday_CDI/Dev,m_S_FF_Employees_Unicode,DTEMPLATE,7CRNNfcaEUyhFtK7XntGOa