objectPath,objectName,objectType,id
/Explore/NiC IT Academy/Dev,m_Router_Transformation,DTEMPLATE,aJWGipP2NH6bkDzi39UwoT
/Explore/NiC IT Academy/Dev,m_Sequence_Generator,DTEMPLATE,1ctcVTI11YIlkTXo8BG3w2
/Explore/Weekday_CDI/Dev,m_S_FF_Employees,DTEMPLATE,841M4Hkzyt9kpmZM3N9MuH
/Explore/Default,Mapping11,DTEMPLATE,js6gh6EhoCflj731fyE7gY
/Explore/Default,proc_calculator,PROCESS,4ooIulH5dxjlqPbY1xNEip
/Explore/Default,proc_my_first_Process,PROCESS,a0obSbXz8TocXJh0hosB6f
/SYS,covid-4,Connection,9SKsqXcCCKzgYVKWUU2Bg2
/Explore/Default,proc_sample_Process,PROCESS,kN3Y4MUOimXfUXnfuYyJAK
/Explore/Default,AppConnection-HR-Data,AI_CONNECTION,55r2dgLnGAqjwYXusWqywh
/Explore/NiC IT Academy/Dev,Replication Task1,DRS,8hnvSTkFf44dGQJhc1Muie
/Explore/NiC IT Academy/Dev,Mapping8,DTEMPLATE,1RLPbGlaKAZgQh2hBOtE2D
/Explore/Weekday_CDI/Dev,m_First_Mapping,DTEMPLATE,34fAXmK0kQflQQVwrF9fk5
/Explore/Weekday_CDI/Dev,SharedSequence1,SequenceGenerator,6sfEtFf51w4c2RcYUGdvEr
/Explore/Default,Mapping10,DTEMPLATE,5KqTic1VdEMlpwGv8eenIF
/Explore/Weekday_CDI/Dev,m_Unconnected_lookup,DTEMPLATE,3wVgJT4B3eblbmlunPRngu
/Explore/NiC IT Academy/Dev,m_S_Ff_Employees_Unicode,DTEMPLATE,8hSH6dvC89MjIENB3REqwZ
/Explore/Weekday_CDI/Dev,m_Load_4th_record,DTEMPLATE,hZQxKXKemoolTmkNUpNoKV
/Explore/NiC IT Academy/Dev,Fixed-Width File Format2,FWCONFIG,kdXCY8Z81yqjanQF3ycMyl
/Explore/NiC IT Academy,Dev,Folder,6zYQYyf5Rs4gt5OH4p3fAu
/Explore/Weekday_CDI/Dev,m_shared_seq2,DTEMPLATE,7QntvWY4FXLiexTTo0BG0I
/Explore/Weekday_CDI/Dev,m_Snowflake_Data_Load_EMP,DTEMPLATE,3fZecOPKoGjf4CAwBKHwqZ
/Explore/Default,AppConnection-FW-04Nov,AI_CONNECTION,5A0Jsr5wU4FbL4Xs2ZEXGp
/Explore/Default,Business Service4,BSERVICE,iNxTudodlkvd9lXSkFl2IU
/SYS,Snowflake_CORE_DB,Connection,4mtfj3h3Jj6e2W5Mm4ALoK
/Explore,Weekday_CDI,Project,cjcy7GZ1rmEdpWn058wVeY
/Explore/Weekday_CDI/Dev,m_Expression_macros,DTEMPLATE,lYFS0JK6gi9jtopSs7riwc
/Explore/Default,Business Service Books,BSERVICE,aDyWzSXAhirgJ54dPawxAf
/Explore/Default,m_Employees_Snowflake,DTEMPLATE,8eFARLXihnlipFz21VQlOQ
/Explore/Default,m_router,DTEMPLATE,aAF7Tb49OJUhveudA4pxsP
/Explore/NiC IT Academy/Dev,Mapping5,DTEMPLATE,fySdxKDQTkrbIzmIouDqqC
/SYS,salesforce_conn,Connection,5ECP98N2wYterg6hSJlLsK
/Explore/NiC IT Academy/Dev,m_Lookup_policy,DTEMPLATE,19ro6wxnjGfeYICTzosBK9
/Explore/NiC IT Academy/Dev,m_Target,DTEMPLATE,1SdXJorImD0gBzbW51luYs
/Explore/Weekday_CDI/Dev,m_Router_Transformation,DTEMPLATE,4cdmiX5hGoTh9MCHqhvRqc
/Explore/NiC IT Academy/Dev,Mapping6,DTEMPLATE,5bmo8C52fpHl3sYI76KSO7
/Explore/Weekday_CDI/Dev,m_Employees_XML,DTEMPLATE,2hLGvzuwUaTc03dXZjX5gt
/Explore/NiC IT Academy/Dev,m_File_List_Employees,DTEMPLATE,jqjzJEsXA4Tjn0MKsheP03
/Explore/Default,Process2,PROCESS,3oYpIIlQ4kaglB1cmEKIEk
/Explore/Weekday_CDI/Dev,m_shared_seq1,DTEMPLATE,7wGqh0DjKajb3uaGiebpq2
/SYS,Rest V2 Covid3,Connection,a6VLFpzIU1EgWEemMfJAYD
/Explore/Weekday_CDI/Dev,m_Target,DTEMPLATE,5inS7YRTkGjkT7bb6jJwEV
/Explore/NiC IT Academy/Dev,Mapping9,DTEMPLATE,9SnZkNXYrIUeYqsIQLPEYU
/Explore/Weekday_CDI/Dev,m_Expression_Transformation,DTEMPLATE,aUGM2GsCU4rjI2kdPvJaQw
/Explore/NiC IT Academy/Dev,m_SQL_Transformation,DTEMPLATE,4j5WDe6gpCzhxdATTOo5sV
/Explore/Weekday_CDI/Dev,m_Target_SCD_Type1,DTEMPLATE,7AIqfZSiSLnhwlV3hm3ES4
/Explore/NiC IT Academy/Dev,SharedSequence11,SequenceGenerator,39fXIAFC4AkhjyCrOtU4GY
/Explore/NiC IT Academy/Dev,m_Expression_Transformation,DTEMPLATE,9Ogc8nfbEJ6lm4WnAxO9Uv
/Explore/Default,p_FileBasedEvent,PROCESS,5XxulgUeThnlzvkB2Dv5kL
/Explore/Default,m_Partitioning,DTEMPLATE,luc3G4x08OgkSMTb718Nga
/Explore/NiC IT Academy/Dev,m_Fixed_Width_File,DTEMPLATE,2OTEqcY5QPRfwCAJUyFHUb
/SYS,Snowflake_TARGET_DB,Connection,8You3Lj70rNeb1d0u2zlQe
/SYS,S_FF_Connection_mm-dd-yyyy,Connection,6Mt3dREedNdiDJSg37FdUj
/Explore/NiC IT Academy/Dev,m_one_to_one,DTEMPLATE,bsk3yVWSooZldv6GSYqgwl
/SYS,GCP_IICS17_HR_DB,Connection,6WQvmxskj9baZVPISJjCIP
/SYS,Rest V2_covid,Connection,bwgLXB7V8Qygi59i8Zj7EA
/Explore/NiC IT Academy/Dev,Business Service1,BSERVICE,8NSAqR3wmzBebX1n4fHKgS
/Explore/NiC IT Academy/Dev,m_Test_Mapping,DTEMPLATE,93Io1692ykWjd2xUH3QqUs
/Explore/Default,customerdata,PROCESS_OBJECT,65DlZBzYKkUcIXXNbMJNO9
/Explore/Default,m_filter_Transformation,DTEMPLATE,3vC7cOLXCPIiREbfhPSCCW
/Explore/Default,m_Rank_Transformation,DTEMPLATE,8gI1wCCh0qqifazqGlTnCP
/Explore/Default,Process3,PROCESS,aUPzwu47ESsdIi64jWVGiu
/SYS,AWS_ED_SEP,Connection,droy1UwTbi5iJk9c7nhbI2
/Explore/NiC IT Academy/Dev,m_Json_Product,DTEMPLATE,47GuMbE1ScbetOAJ4309gB
/Explore/Weekday_CDI/Dev,m_Lookup_Policy,DTEMPLATE,aduNpkuOMkelVRDQy6qsqB
/Explore/Default,m_Snowflake_To_GCP,DTEMPLATE,35lVc0pM3ILh8Qmu0AbTKp
/Explore/Default,m_Data_Availability_Check,DTEMPLATE,8sW8PCjVhNSeNF0ylWyxAr
/SYS,Orcl_Tgt,Connection,9YMNyKOZr5KcKD3bnrmvWu
/Explore/Default,Process4,PROCESS,8EGuVT8IMunbbIJGbqTiQt
/SYS,T_FF_CONN,Connection,60nGgq911wCeqmSEPuLfiT
/SYS,S_FF,Connection,8UpafBjoNe4dqGDuUNVxOm
/Explore/NiC IT Academy/Dev,m_Lookup_Transformation,DTEMPLATE,2gXE0adPF4Xjg7DwWS23w2
/Explore/Default,m_Covid_data4,DTEMPLATE,3r9arLTDQymlxrS5IZTmYH
/Explore/Default,AppConnection2,AI_CONNECTION,aavSkDig1Y6kq9nrV5Yqy8
/Explore/Default,proc_getCovid_Data_Oct30 - Copy 1,PROCESS,aqprpQPAKDth3Ve3uDk8Q3
/Explore/NiC IT Academy/Dev,m_Ora_To_GCP_BG_Employees,DTEMPLATE,aLZm3Uw9oa4fRLmGQw3lYL
/Explore/Weekday_CDI/Dev,m_Source_Transformation,DTEMPLATE,8CtH6N09bOcfYYP5txnj2P
/SYS,AWS-S3,Connection,b0qA1kDX5aadPG46cFI0mk
/Explore/Weekday_CDI/Dev,m_Java_Transformation,DTEMPLATE,4pasSNsdv1gfKrQvSp8vUU
/Explore/NiC IT Academy/Dev,m_Aggregator,DTEMPLATE,16ITxooQZbRd1BMeusZMeC
/Explore/Default,Process5,PROCESS,jTZvEQwYDA4lnJjQRUsreV
/Explore/Default,mplt_epoch_conversion,DMAPPLET,2K4YLS6nScCeA6MyytUGi7
/Explore/NiC IT Academy/Dev,m_Source_Transformation,DTEMPLATE,5Uuzhm7kKBXdqzHlCGRGgN
/Explore,Default,Project,6a8dipS8kagbN1H9QivAsy
/Explore/NiC IT Academy/Dev,m_Shard_Seq1,DTEMPLATE,i7c2poXCX6HezudffwLqGa
/Explore/Default,app-DBConnection-HR,AI_CONNECTION,7Ap0IMwpiYebd3JCCF9Tg3
/Explore/NiC IT Academy/Dev,Hierarchical Schema1,HSCHEMA,fOGGEfAs3wKf1hXcsOMJ4G
/Explore/NiC IT Academy/Dev,Synchronization Task1,DSS,7NHIufKsPsygJNkdYb2OAl
/Explore/NiC IT Academy/Dev,m_Joiner_Transformation,DTEMPLATE,6vGZDtHo9ref9Lf2mdJ92H
/Explore/Default,App-FW,AI_CONNECTION,axTrbj3jUM5lmIF5pqElSO
/Explore/Default,proc_getCovid_Data_Oct30 - bkp,PROCESS,d5DBxm8HjcWjAJfc8Z9Twi
/Explore/Weekday_CDI/Dev,m_sequence_gen,DTEMPLATE,0ZFPPIEaR4VhkCRgOZHgcS
/Explore/NiC IT Academy/Dev,m_Sorter_Transformation,DTEMPLATE,eHNTcNwIyYQiTbejdSKKUb
/Explore/Weekday_CDI/Dev,Hierarchical Schema1 JSON Product,HSCHEMA,e10HgpBoayTg1IUl4C4HYF
/Explore/NiC IT Academy/Dev,Mapping2,DTEMPLATE,1I8aGFBo4tWiRgDfUljbYT
/Explore/NiC IT Academy/Dev,Fixed-Width File Format1,FWCONFIG,2B3vSJ4g53Nj89nwWoFmyN
/Explore/Default,m_Salesforce,DTEMPLATE,iZ0q6vAs06LgO5jhva1jOO
/Explore/Default,m_Source_Transformation,DTEMPLATE,eomCLLXqImxhnXhBYzGo2k
/Explore/Weekday_CDI/Dev,m_AWS_Source,DTEMPLATE,21RUcqDGIDDbsY2vVOzzk2
/Explore/Default,AppConnection1Oct30,AI_CONNECTION,abUJOSFFoxScwLIjStaKyA
/Explore/Default,p_Process_Object,PROCESS,0yaMisNZp4PcdW7k6byCUg
/Explore/Weekday_CDI/Dev,Mapping14,DTEMPLATE,cCakobadxeIg10WhyZWDsw
/Explore/Weekday_CDI/Dev,m_Connected_Lookup,DTEMPLATE,dqZT8Th8NUBkoMDcCbgpqb
/Explore/Weekday_CDI/Dev,m_Fixed_Width_File_Customer,DTEMPLATE,iKakan7n6Kgivm1yCefYCL
/Explore/Default,ServiceConnector1_Myprocess,AI_SERVICE_CONNECTOR,dj5b166aUmAlt92FTuYSkH
/Explore/Weekday_CDI/Dev,m_Snowflake_GCS,DTEMPLATE,5yYknH3DtGFeuNP8BUhwGs
/SYS,GCS,Connection,kScZQt0QcemgDb5rAABAS9
/Explore/Weekday_CDI/Dev,m_XML_MM,DTEMPLATE,9astdc8sf6ChBeP9fPdWi2
/Explore/Default,p_calculator_addition,PROCESS,8l5tNcG2MsTey7StCwy4QG
/Explore/NiC IT Academy/Dev,Mapping4,DTEMPLATE,leUb8tTuzcaiQadisT0Goy
/Explore/Weekday_CDI/Dev,m_macros,DTEMPLATE,4Clist8vK6YlDvz7x9z34l
/Explore/NiC IT Academy/Dev,Shared_Sequence1,SequenceGenerator,lXylEj6KXmjfopjtiwV7KD
/Explore/Default,proc_myFirstCAIProcess1,PROCESS,hAj8vHa3sAEfiT7y2QYOki
/Explore/Default,m_connected_SP,DTEMPLATE,9ZcZ8kBjWm3i0X9XXmWpsR
/Explore/NiC IT Academy/Dev,ISM_EMP_TXN,STRUCTURE_DISCOVERY,5wGGyf1zo1SgAAWNnTd885
/Explore/NiC IT Academy/Dev,m_Expression_Macros1,DTEMPLATE,1ytmefywp9gc2wj2aJliEe
/Explore,CAI,Project,1HZtaufam2eggZc1ih9je4
/SYS,GCS_SEP,Connection,afirkWX4ui8cWErlO8omgU
/Explore/Default,AppConnection1-fwtest,AI_CONNECTION,76BSHYkri6Hgg6n45qgrSC
/Explore/Default,Taskflow2,TASKFLOW,hmm03J1UbsjjdWCbdoVFEH
/SYS,Rest_V2_Books,Connection,8vXXChb6pgelB0amDRfDac
/Explore/Default,proc_getCovid_Data_Oct30 - test,PROCESS,7TexzBSw8CTjcrYax1OZmp
/Explore/Default,ServiceConnector2,AI_SERVICE_CONNECTOR,d8Q9WzBMF0sea3rK70qDCO
/Explore/Default,Business Service1,BSERVICE,9R9vE6XCfRneBbjWIdkNs7
/Explore/Weekday_CDI/Dev,m_S3_Oracle_Employees,DTEMPLATE,9TsK8MTRfn5gdpyEmHP9YX
/Explore/Weekday_CDI/Dev,m_aggregator,DTEMPLATE,1DnQxbJJaG0hZCfdj8l8sQ
/Explore/Weekday_CDI/Dev,emp_txn_ISM,STRUCTURE_DISCOVERY,6OyZpob1EQOk8T3WsW7gYg
/SYS,Oracle_Tgt,Connection,cRc8KIZojigj2KdzkLX9cx
/Explore/NiC IT Academy/Dev,m_Excel_EMP_TXN,DTEMPLATE,88fcKxv1NEqhPcNk8fBsgj
/Explore/Default,m_Aggregator,DTEMPLATE,k7Jtfo7qJIgir3ACGg7Ooy
/Explore/Default,proc_getCovid_Data_Oct30,PROCESS,1NKPLtOOUWOjg5772NgNMJ
/Explore/NiC IT Academy/Dev,m_Load_every_4th_record,DTEMPLATE,9i9PCGMqpinfdKICvHBH2h
/Explore/Weekday_CDI/Dev,m_File_List_Employees_Data,DTEMPLATE,4aiTMtJ0nQ1f5yDmkbOOyl
/Explore/Default,Proc_ProcessObject,PROCESS,7jsS0lLncgUe2yDzCRsMIU
/Explore/Weekday_CDI/Dev,Mapping13,DTEMPLATE,5ev2JYSwMgAgtNc1e75jsd
/SYS,Oracle_Src1,Connection,4R4EYG0n4wAlCN9wnACl4W
/Explore/NiC IT Academy/Dev,m_Expression_Transformation_gcp,DTEMPLATE,aeXdMowNNQLgvtJqubvhmn
/Explore/Weekday_CDI/Dev,m_Sorter,DTEMPLATE,6PVR5jEnuGLeBTcHpu0Mct
/Explore/Weekday_CDI/Dev,m_AWS_Oracle_S3,DTEMPLATE,1DIqHu1evsuggchupfeISi
/Explore/NiC IT Academy/Dev,m_Connected_SP,DTEMPLATE,1jI0WZ969u3clXpb3X1WiT
/Explore/Default,FileEvent11,AI_CONNECTION,2YHuV71BqvFeu6q31DaBGH
/Explore/Default,m_Data_load_employees1,DTEMPLATE,iEDNtmZs3Ckg2d0ZBiRjAz
/Explore/NiC IT Academy/Dev,m_shared2,DTEMPLATE,1EqvxiScxgyfkBXRx5G7G8
/Explore/Default,fl_touch_source_team,MI_FILE_LISTENER,9oBeMKklNShlEypSNj0lGl
/Explore/Default,m_PDO,DTEMPLATE,a25L0jKqHunc4YMWF3gDiK
/Explore/Default,AppConnection-FE,AI_CONNECTION,biKuF4cp7wjj6A4XKcuCiH
/Explore/Weekday_CDI/Dev,m_GCP_Bigquery,DTEMPLATE,aL4QwEI9K68jlz1L2Cmaa9
/Explore/Default,m_Salesforce_Nov06,DTEMPLATE,9n5LIWlrtzHgnjZxKKKekE
/Explore,NiC IT Academy,Project,gNI3hifVlGDhHLCJjyIUyk
/Explore/Weekday_CDI/Dev,m_AWS_S3_T_FF_EMP,DTEMPLATE,6mHgXetGocEe0QCmp8Reu1
/Explore/NiC IT Academy/Dev,m_Filter_Transformation,DTEMPLATE,aeQmGbJSobvfpnMIhN260P
/SYS,salesforce_conn_Nov05,Connection,7DuQDEcGKH1gh08pysWvkm
/SYS,Oracle_Src,Connection,4hzTKUYT58ScRkFNm8TA8c
/SYS,AWS-S3-IICS17,Connection,5LaacyT82thfSYso6G3YWV
/Explore/Default,proc_myFirstCAIProcess,PROCESS,kLZT8EFH5AbggxelSqu8AU
/Explore/Weekday_CDI/Dev,Mapping17,DTEMPLATE,hRCNvCP0cSskAbYIELPSeM
/Explore/Weekday_CDI/Dev,m_Expression,DTEMPLATE,9QREkWARXxzj30f0nv9jy4
/Explore/NiC IT Academy/Dev,m_Customer_SCD_Type1,DTEMPLATE,8Wd1S7peJGLdnQl96bd1om
/SYS,GCP_Tgt_DB,Connection,4VsDHS1UB6afJ3lhDGJKEm
/Explore/NiC IT Academy/Dev,m_S_FF_Employees,DTEMPLATE,0p5qYNyK1dIj5FmL6WVRSK
/Explore/Default,Mapping18,DTEMPLATE,8rNC19jLsMbbQG9a4F6Sue
/Explore/Default,proc_file_event,PROCESS,7l46pcDZ30jgGnYRxOyLYb
/Explore/Weekday_CDI/Dev,Mapping16,DTEMPLATE,3MJ3LWhqvHviGDWwOR9WqJ
/Explore/NiC IT Academy/Dev,Mapping7,DTEMPLATE,4BCHjKEjptGk27dbI0fBIf
/Explore/Default,Mapping12,DTEMPLATE,8qc6fwTxcnghyPb3S62Dwp
/Explore/Default,AppConnection1,AI_CONNECTION,4eKaqJ1fJ7SlTLzz8hAfM3
/Explore/Weekday_CDI/Dev,m_T_FF_Employees,DTEMPLATE,1wnW8s8LPusky5oEDQF0SM
/SYS,Rest V2,Connection,2A7qcNk6I2ldXmQxsUkcSO
/SYS,salesforce_conn_Nov06,Connection,l2nhjXW3x8QduMf7dd7N6L
/Explore/NiC IT Academy/Dev,m_T_FF_Employees,DTEMPLATE,4f6B76rB1eOiKJWp9uQfKf
/Explore/NiC IT Academy/Dev,m_UnConnected_SP,DTEMPLATE,6btCwTF9rAKfVsNmj1yjEn
/SYS,T_FF_CONN_EMP,Connection,7kUXqUewxydgWQ6DCdjDIs
/Explore/NiC IT Academy/Dev,m_S3_to_Oracle_EMP,DTEMPLATE,2t4e3JH65MOflrqSCXmfw6
/Explore/Default,sc-ServiceConnector1Oct30,AI_SERVICE_CONNECTOR,3eJpOh2PEM6bcevGrna54c
/Explore/Weekday_CDI/Dev,m_S_FF_Employees_Unicode,DTEMPLATE,3KYXhgzxeyVgxpykEpJQml
/Explore/Default,ism,STRUCTURE_DISCOVERY,07dDAFqeRUzdiBAjDEOkqF
/Explore/Default,m_SQL_Transformation,DTEMPLATE,5Q5OecZCesrjxN3usBwX8L
/Explore/Weekday_CDI/Dev,Hierarchical Schema4,HSCHEMA,1ri77Wh4ftFdqubyzODwAR
/Explore/Default,proc_getCovid_Data,PROCESS,an0s15vQKwskb9XnRYkRaZ
/Explore/Default,m_Sorter,DTEMPLATE,348JRvzPSFAi4lWZLrFfks
/Explore/NiC IT Academy/Dev,m_Multiple_Return_port,DTEMPLATE,5HiQJ6sEZqMkkt0akY1ei2
/SYS,Google_cloud_Tgt_DB,Connection,3FyiprgpIASdehNS1c2Jco
/Explore/Default,myFirstProcess_Nov04,PROCESS,isTsKoX9DqyjOqzE8tDkKB
/Explore/Weekday_CDI/Dev,Hierarchical Schema5,HSCHEMA,6MsNI97eruQgcA4ZYaGicy
/Explore/Default,AppConnection1-sf,AI_CONNECTION,4UAMipe2niLiQK5wNfevyb
/Explore/Default,FileEvent,AI_CONNECTION,28HeWD3nfQ2djw4VRxjKy0
/Explore/NiC IT Academy/Dev,m_lookup_policy2,DTEMPLATE,dSYow3JgeIIjOKOqOGyM2C
/Explore/Default,Business_Service3,BSERVICE,3AgdfwDqoyMhlsG6iPL4W0
/SYS,NIC,AgentGroup,6g4T0KyjL2sdjaajm4PnwZ
/Explore/Default,p_get_user_information,PROCESS,8GvIsAZjFuUeZ6aTcK6zQi
/Explore/Weekday_CDI/Dev,m_Product_JSON,DTEMPLATE,5J6qzJUAxO7iY8JneHY9ai
/Explore/NiC IT Academy/Dev,m_Connected_Lookup1,DTEMPLATE,7KRLcDsaAQfdffu1426Wu4
/Explore/NiC IT Academy/Dev,m_Dense_Rank2,DTEMPLATE,im8MTkW386LgtObPWNwtUc
/Explore/NiC IT Academy/Dev,m_Union_Transformation,DTEMPLATE,652muuOfb9odqrg2KtQSYQ
/Explore/Weekday_CDI/Dev,Mapping15,DTEMPLATE,2yxmJhDnaqikpFDl3cYpeM
/Explore/NiC IT Academy/Dev,Mapping3,DTEMPLATE,1Bf103zbmskfCPP8Zaedqv
/SYS,Source_File,Connection,kl30Tvtaxy7bG8gu9LuFsn
/Explore/Default,fileEvent2,AI_CONNECTION,9bpSWcw0c7ZboPc2nHKwSb
/Explore/NiC IT Academy/Dev,Hierarchical Schema3,HSCHEMA,0TEBbmgqxbIia7IvMCzaMx
/Explore/Default,Mapping19,DTEMPLATE,8seOU0WHZMDkJkUjEQSsk9
/Explore/Weekday_CDI/Dev,m_EMP_TXN_excel_source,DTEMPLATE,6MVO9FAnHvweWVNj3ltW44
/Explore/Default,Process1,PROCESS,91ExcppMqi3kzXUyeaQ3yG
/Explore/NiC IT Academy/Dev,m_Unconnected_Lookup1,DTEMPLATE,4g75bZJsqtjbh5i4vDoJ6W
/Explore/Weekday_CDI,Dev,Folder,aXtRvNbdAZbiChom580dKh
/Explore/NiC IT Academy/Dev,m_dummy,DTEMPLATE,42eymL1S7Jxe60VGrfRwS8
/Explore/Weekday_CDI/Dev,Fixed-Width File Format3,FWCONFIG,lsv9KRooT4eb03RryWvuaH
/SYS,Orcl_Src,Connection,6LTaUBnaeMSeIPb3gmwFeq
/Explore/NiC IT Academy/Dev,Mapping1,DTEMPLATE,2wBuumWa9Z5lM29yTXDjWd
/Explore/Default,po_customer_data,PROCESS_OBJECT,8m90KBNUvPNlhCiJoMLW09
/Explore/Weekday_CDI/Dev,m_Filter_Transformation,DTEMPLATE,6t4H4b4qwbBldtfNS1tVqq
/Explore/NiC IT Academy/Dev,Hierarchical Schema2,HSCHEMA,8h6ur5c5gwKbpfwHoruHm1
/SYS,Snowflake_HR_DB,Connection,8i64HROm8kJlOBxpxE3bA2
/SYS,GCP_BG_SEP,Connection,d8brXafDeqiiCq7G70XJSR