<aetgt:getResponse xmlns:aetgt="http://schemas.active-endpoints.com/appmodules/repository/2010/10/avrepository.xsd"
                   xmlns:types1="http://schemas.active-endpoints.com/appmodules/repository/2010/10/avrepository.xsd">
   <types1:Item>
      <types1:EntryId>8Ji4tciSrZMSPfX-gt-4379242-2023-10-17T23:30:39.967Z::po.xml</types1:EntryId>
      <types1:Name>customerdata</types1:Name>
      <types1:ParentFlowIds>kLmk3zx6i4tciSr-gt-4391753-2023-10-17T23:30:45.161Z::pd.xml</types1:ParentFlowIds>
      <types1:MimeType>application/xml+processobject</types1:MimeType>
      <types1:Description/>
      <types1:AppliesTo/>
      <types1:Tags/>
      <types1:VersionLabel>1.0</types1:VersionLabel>
      <types1:State>CURRENT</types1:State>
      <types1:ProcessGroup/>
      <types1:CreatedBy>vemegod241@elixirsd.com</types1:CreatedBy>
      <types1:CreationDate>2023-10-17T23:30:40Z</types1:CreationDate>
      <types1:ModifiedBy>vemegod241@elixirsd.com</types1:ModifiedBy>
      <types1:ModificationDate>2023-10-17T23:48:14Z</types1:ModificationDate>
      <types1:PublicationStatus>unpublished</types1:PublicationStatus>
      <types1:AutosaveExists>false</types1:AutosaveExists>
      <types1:Entry>
         <processObject xmlns="http://schemas.active-endpoints.com/appmodules/screenflow/2011/06/avosHostEnvironment.xsd"
                        displayName="customerdata"
                        isByCopy="true"
                        name="customerdata">
            <description/>
            <tags/>
            <detail>
               <field label="customerId"
                      name="customerId"
                      nullable="true"
                      required="false"
                      type="double">
                  <options/>
               </field>
               <field label="customerName"
                      name="customerFirstName"
                      nullable="true"
                      required="false"
                      type="string">
                  <options/>
               </field>
               <field label="customerLastName"
                      name="customerLastName"
                      nullable="true"
                      required="false"
                      type="string">
                  <options/>
               </field>
               <field label="customerPhone"
                      name="customerPhone"
                      nullable="true"
                      required="false"
                      type="string">
                  <options/>
               </field>
            </detail>
         </processObject>
      </types1:Entry>
      <types1:GUID>3JStey6wTEefOLfTDqP9Ae</types1:GUID>
      <types1:DisplayName>customerdata</types1:DisplayName>
   </types1:Item>
   <types1:CurrentServerDateTime>2023-10-22T13:39:41.461Z</types1:CurrentServerDateTime>
</aetgt:getResponse>
