<aetgt:getResponse xmlns:aetgt="http://schemas.active-endpoints.com/appmodules/repository/2010/10/avrepository.xsd"
                   xmlns:types1="http://schemas.active-endpoints.com/appmodules/repository/2010/10/avrepository.xsd">
   <types1:Item>
      <types1:EntryId>nFShFdw8jIw8jIw-gt-4379290-2023-10-17T23:30:40.212Z::conn.xml</types1:EntryId>
      <types1:Name>fileEvent2</types1:Name>
      <types1:ParentFlowIds>miVhC2g0aaaaaaa-gt-4391763-2023-10-17T23:30:45.203Z::pd.xml</types1:ParentFlowIds>
      <types1:MimeType>application/xml+connection</types1:MimeType>
      <types1:Description/>
      <types1:AppliesTo/>
      <types1:Tags>.agent:NIC</types1:Tags>
      <types1:VersionLabel>1.0</types1:VersionLabel>
      <types1:State>CURRENT</types1:State>
      <types1:ProcessGroup/>
      <types1:CreatedBy>vemegod241@elixirsd.com</types1:CreatedBy>
      <types1:CreationDate>2023-10-17T23:30:40Z</types1:CreationDate>
      <types1:ModifiedBy>vemegod241@elixirsd.com</types1:ModifiedBy>
      <types1:ModificationDate>2023-10-17T23:48:15Z</types1:ModificationDate>
      <types1:PublicationStatus>unpublished</types1:PublicationStatus>
      <types1:AutosaveExists>false</types1:AutosaveExists>
      <types1:Entry>
         <connection xmlns="http://schemas.informatica.com/socrates/data-services/2014/04/avosConnections.xsd"
                     displayName="fileEvent2"
                     label="fileEvent2"
                     name="fileEvent2">
            <description/>
            <tags>.agent:NIC</tags>
            <agent>NIC</agent>
            <consumers>
               <consumer enabled="true"
                         name="DelimitedContentParser"
                         typeName="DelimitedContentParser">
                  <description>Use this event source to monitor folders for new delimited content files, such as CSV, and parse them.</description>
                  <attributes>
                     <attribute encrypted="false"
                                name="directoryName"
                                value="C:\Src_Files\FileEvent"/>
                     <attribute encrypted="false" name="recursive" value="false"/>
                     <attribute encrypted="false" name="include" value=""/>
                     <attribute encrypted="false" name="exclude" value=""/>
                     <attribute encrypted="false" name="noop" value="false"/>
                     <attribute encrypted="false" name="delete" value="false"/>
                     <attribute encrypted="false" name="preMove" value=""/>
                     <attribute encrypted="false" name="move" value=""/>
                     <attribute encrypted="false" name="moveFailed" value=""/>
                     <attribute encrypted="false" name="initialDelay" value="1"/>
                     <attribute encrypted="false" name="delay" value="1"/>
                     <attribute encrypted="false" name="maxMessagesPerPoll" value=""/>
                     <attribute encrypted="false" name="readLock" value="rename"/>
                     <attribute encrypted="false" name="readLockTimeout" value=""/>
                     <attribute encrypted="false" name="readLockCheckInterval" value=""/>
                     <attribute encrypted="false" name="readLockMinLength" value=""/>
                     <attribute encrypted="false" name="readLockLoggingLevel" value="WARN"/>
                     <attribute encrypted="false" name="charset" value=""/>
                     <attribute encrypted="false" name="otherAttributes" value=""/>
                     <attribute encrypted="false" name="contentFormat" value="DelimitedContent"/>
                     <attribute encrypted="false" name="columnsDescriptor" value=""/>
                     <attribute encrypted="false" name="ignoreFirstRecord" value="true"/>
                     <attribute encrypted="false" name="ignoreColumnInconsistency" value="false"/>
                     <attribute encrypted="false" name="delimiter" value=","/>
                     <attribute encrypted="false" name="textQualifier" value="&#34;"/>
                     <attribute encrypted="false" name="splitRows" value="false"/>
                     <attribute encrypted="false" name="useBuiltInProcessObject" value="true"/>
                     <attribute encrypted="false" name="customObjectFields" value="id,name,email"/>
                  </attributes>
               </consumer>
            </consumers>
            <producers>
               <producer enabled="true"
                         name="DelimitedContentWriter"
                         typeName="DelimitedContentWriter">
                  <description>Use this event target to serialize process objects to delimited content files, such as CSV, and save them to files on a disk.</description>
                  <attributes>
                     <attribute encrypted="false" name="directoryName" value="C:\Tgt_Files"/>
                     <attribute encrypted="false" name="fileExist" value="Override"/>
                     <attribute encrypted="false" name="moveExisting" value=""/>
                     <attribute encrypted="false" name="eagerDeleteTargetFile" value="true"/>
                     <attribute encrypted="false" name="tempPrefix" value=""/>
                     <attribute encrypted="false" name="tempFileName" value=""/>
                     <attribute encrypted="false" name="forceWrites" value="true"/>
                     <attribute encrypted="false" name="bufferSize" value=""/>
                     <attribute encrypted="false" name="charset" value=""/>
                     <attribute encrypted="false" name="delimiter" value=","/>
                     <attribute encrypted="false" name="textQualifier" value="&#34;"/>
                     <attribute encrypted="false" name="skipHeaders" value="false"/>
                     <attribute encrypted="false" name="lineEnding" value="Windows"/>
                  </attributes>
               </producer>
            </producers>
            <javaConnector xmlns="http://schemas.informatica.com/appmodules/screenflow/2014/04/avosConnectors.xsd"
                           agentOnly="true"
                           plugin="Camel"
                           supportsConnectionTest="true"
                           supportsDataPreview="false"
                           supportsOData="false"
                           supportsPublishSkipMetadataRefresh="false"
                           type="File"
                           uuid="ac000300-d9fe-11e4-8830-0800200c9a66">
               <description>Provides connections to file monitoring brokers.</description>
            </javaConnector>
         </connection>
      </types1:Entry>
      <types1:GUID>kKtjW2mUUATg58n2PkrIKl</types1:GUID>
      <types1:DisplayName>fileEvent2</types1:DisplayName>
   </types1:Item>
   <types1:CurrentServerDateTime>2023-10-22T13:39:41.485Z</types1:CurrentServerDateTime>
</aetgt:getResponse>
