<aetgt:getResponse xmlns:aetgt="http://schemas.active-endpoints.com/appmodules/repository/2010/10/avrepository.xsd"
                   xmlns:types1="http://schemas.active-endpoints.com/appmodules/repository/2010/10/avrepository.xsd">
   <types1:Item>
      <types1:EntryId>miVhC2g0aaaaaaa-gt-4391763-2023-10-17T23:30:45.203Z::pd.xml</types1:EntryId>
      <types1:Name>Process4</types1:Name>
      <types1:MimeType>application/xml+process</types1:MimeType>
      <types1:Description/>
      <types1:AppliesTo/>
      <types1:Tags>.agent:NIC</types1:Tags>
      <types1:VersionLabel>1.0</types1:VersionLabel>
      <types1:State>CURRENT</types1:State>
      <types1:ProcessGroup/>
      <types1:CreatedBy>vemegod241@elixirsd.com</types1:CreatedBy>
      <types1:CreationDate>2023-10-17T23:30:45Z</types1:CreationDate>
      <types1:ModifiedBy>vemegod241@elixirsd.com</types1:ModifiedBy>
      <types1:ModificationDate>2023-10-17T23:48:20Z</types1:ModificationDate>
      <types1:PublicationStatus>unpublished</types1:PublicationStatus>
      <types1:AutosaveExists>false</types1:AutosaveExists>
      <types1:Entry>
         <process xmlns="http://schemas.active-endpoints.com/appmodules/screenflow/2010/10/avosScreenflow.xsd"
                  xmlns:tfm="http://schemas.active-endpoints.com/appmodules/screenflow/2021/04/taskflowModel.xsd"
                  xmlns:list="urn:activevos:spi:list:functions"
                  displayName="Process4"
                  name="Process4"
                  overrideAPIName="false">
            <parameterSet xmlns="http://schemas.active-endpoints.com/appmodules/screenflow/2021/04/taskflowModel.xsd"/>
            <appliesTo/>
            <description/>
            <tags>.agent:NIC</tags>
            <generator>Informatica Process Designer 11</generator>
            <input>
               <parameter description="" name="delimitedContent" type="reference">
                  <options>
                     <option name="required">false</option>
                     <option name="referenceTo">fileEvent2:DelimitedContent</option>
                     <option name="isCopy">true</option>
                     <option name="guid">kKtjW2mUUATg58n2PkrIKl</option>
                  </options>
               </parameter>
            </input>
            <output>
               <field description="" name="FileName" type="string">
                  <options>
                     <option name="required">false</option>
                  </options>
               </field>
               <field description="" name="FileContent" type="string">
                  <options>
                     <option name="required">false</option>
                  </options>
               </field>
            </output>
            <tempFields>
               <field description="" name="ContentToWrite" type="reference">
                  <options>
                     <option name="referenceTo">fileEvent2:SerializeToDelimitedContentTask</option>
                     <option name="required">false</option>
                     <option name="isCopy">true</option>
                     <option name="guid">kKtjW2mUUATg58n2PkrIKl</option>
                  </options>
               </field>
            </tempFields>
            <notes/>
            <deployment skipIfRunning="false" suspendOnFault="false" tracingLevel="verbose">
               <targetLocation>NIC</targetLocation>
               <event eventSource="fileEvent2:DelimitedContentParser"/>
            </deployment>
            <flow id="a">
               <start id="b">
                  <link id="lmfcukoy" targetId="lmfcukox"/>
               </start>
               <assignment id="lmfcukox">
                  <title>Assignment to FileName, File name etc.</title>
                  <operation source="field" to="output.FileName">input.delimitedContent[1]/record[1]/field[1]/value</operation>
                  <operation source="field" to="temp.ContentToWrite[1]/fileName">input.delimitedContent[1]/fileInfo[1]/name</operation>
                  <operation source="field" to="temp.ContentToWrite[1]/delimitedContentObject">input.delimitedContent</operation>
                  <link id="lmfcukp8" targetId="lmfcukp7"/>
               </assignment>
               <service id="lmfcukp7">
                  <title>DelimitedContentWriter</title>
                  <serviceName>fileEvent2:DelimitedContentWriter</serviceName>
                  <serviceGUID>kKtjW2mUUATg58n2PkrIKl</serviceGUID>
                  <serviceInput>
                     <parameter name="serializationTask" source="field" updatable="true">temp.ContentToWrite</parameter>
                  </serviceInput>
                  <link id="lmfcukp9" targetId="c"/>
               </service>
               <end id="c"/>
            </flow>
         </process>
      </types1:Entry>
      <types1:GUID>atpergrMGARjFsX640yCQg</types1:GUID>
      <types1:DisplayName>Process4</types1:DisplayName>
   </types1:Item>
   <types1:CurrentServerDateTime>2023-10-22T13:39:41.976Z</types1:CurrentServerDateTime>
</aetgt:getResponse>
