<aetgt:getResponse xmlns:aetgt="http://schemas.active-endpoints.com/appmodules/repository/2010/10/avrepository.xsd"
                   xmlns:types1="http://schemas.active-endpoints.com/appmodules/repository/2010/10/avrepository.xsd">
   <types1:Item>
      <types1:EntryId>GyJFfYLnzYLnzYL-gt-26505710-2023-10-19T01:47:07.523Z::tf.xml</types1:EntryId>
      <types1:Name>tf_data_availability</types1:Name>
      <types1:MimeType>application/xml+taskflow</types1:MimeType>
      <types1:Description/>
      <types1:AppliesTo/>
      <types1:Tags/>
      <types1:VersionLabel>1.0</types1:VersionLabel>
      <types1:State>CURRENT</types1:State>
      <types1:ProcessGroup/>
      <types1:CreatedBy>vemegod241@elixirsd.com</types1:CreatedBy>
      <types1:CreationDate>2023-10-19T01:47:08Z</types1:CreationDate>
      <types1:ModifiedBy>vemegod241@elixirsd.com</types1:ModifiedBy>
      <types1:ModificationDate>2023-10-19T02:05:55Z</types1:ModificationDate>
      <types1:PublicationStatus>published</types1:PublicationStatus>
      <types1:PublishedBy>vemegod241@elixirsd.com</types1:PublishedBy>
      <types1:PublicationDate>2023-10-19T02:06:02Z</types1:PublicationDate>
      <types1:PublishedContributionId>project:/tf.tf_data_availability/tf_data_availability.tf.xml</types1:PublishedContributionId>
      <types1:AutosaveExists>false</types1:AutosaveExists>
      <types1:Entry>
         <taskflow xmlns="http://schemas.active-endpoints.com/appmodules/screenflow/2010/10/avosScreenflow.xsd"
                   xmlns:tfm="http://schemas.active-endpoints.com/appmodules/screenflow/2021/04/taskflowModel.xsd"
                   xmlns:list="urn:activevos:spi:list:functions"
                   displayName="tf_data_availability"
                   name="tf_data_availability"
                   overrideAPIName="false">
            <parameterSet xmlns="http://schemas.active-endpoints.com/appmodules/screenflow/2021/04/taskflowModel.xsd"/>
            <appliesTo/>
            <description/>
            <tags/>
            <generator>Informatica Process Designer 11</generator>
            <output>
               <field description="" name="cnt" type="int">
                  <options>
                     <option name="required">false</option>
                     <option name="initialvalue">0</option>
                  </options>
               </field>
            </output>
            <tempFields>
               <field description="" name="mt_data_availability_check" type="reference">
                  <options>
                     <option name="failOnNotRun">false</option>
                     <option name="failOnFault">false</option>
                     <option name="referenceTo">$po:mt-data-availability-check</option>
                  </options>
               </field>
               <field description="" name="Data Task 1" type="reference">
                  <options>
                     <option name="failOnNotRun">false</option>
                     <option name="failOnFault">false</option>
                     <option name="referenceTo">$po:mt-Data-load-Employees1</option>
                  </options>
               </field>
               <field description="" name="tf_Single_Task" type="reference">
                  <options>
                     <option name="referenceTo">$po:InternalInfaSubTaskflowField</option>
                  </options>
               </field>
            </tempFields>
            <notes/>
            <deployment skipIfRunning="false" suspendOnFault="false" tracingLevel="verbose">
               <rest/>
            </deployment>
            <flow id="a">
               <start id="b">
                  <link id="lnwiq2xk" targetId="lnwiq2y7"/>
               </start>
               <eventContainer id="lnwiq2y7">
                  <service id="lnwiq2xj">
                     <title>mt_data_availability_check</title>
                     <serviceName>ICSExecuteDataTask</serviceName>
                     <serviceGUID/>
                     <serviceInput>
                        <parameter name="Wait for Task to Complete" source="constant" updatable="true">true</parameter>
                        <parameter name="Max Wait" source="constant" updatable="true">604800</parameter>
                        <parameter name="Task Name" source="constant" updatable="true">mt_data_availability_check</parameter>
                        <parameter name="GUID" source="constant" updatable="true">1fzw2TsVEWeeNrto5uEykc</parameter>
                        <parameter name="Task Type" source="constant" updatable="true">MCT</parameter>
                        <parameter name="Has Inout Parameters" source="constant" updatable="true">false</parameter>
                        <parameter name="taskField" source="nested">
                           <operation source="field" to="mt-data-availability-check">temp.mt_data_availability_check</operation>
                        </parameter>
                     </serviceInput>
                     <serviceOutput>
                        <operation source="field" to="temp.mt_data_availability_check/output/Object_Name">Object Name</operation>
                        <operation source="field" to="temp.mt_data_availability_check/output/Run_Id">Run Id</operation>
                        <operation source="field" to="temp.mt_data_availability_check/output/Log_Id">Log Id</operation>
                        <operation source="field" to="temp.mt_data_availability_check/output/Task_Id">Task Id</operation>
                        <operation source="field" to="temp.mt_data_availability_check/output/Task_Status">Task Status</operation>
                        <operation source="field"
                                   to="temp.mt_data_availability_check/output/Success_Source_Rows">Success Source Rows</operation>
                        <operation source="field"
                                   to="temp.mt_data_availability_check/output/Failed_Source_Rows">Failed Source Rows</operation>
                        <operation source="field"
                                   to="temp.mt_data_availability_check/output/Success_Target_Rows">Success Target Rows</operation>
                        <operation source="field"
                                   to="temp.mt_data_availability_check/output/Failed_Target_Rows">Failed Target Rows</operation>
                        <operation source="field" to="temp.mt_data_availability_check/output/Start_Time">Start Time</operation>
                        <operation source="field" to="temp.mt_data_availability_check/output/End_Time">End Time</operation>
                        <operation source="field"
                                   to="temp.mt_data_availability_check/output/Error_Message">Error Message</operation>
                        <operation source="field"
                                   to="temp.mt_data_availability_check/output/TotalTransErrors">Total Transformation Errors</operation>
                        <operation source="field"
                                   to="temp.mt_data_availability_check/output/FirstErrorCode">First Error Code</operation>
                     </serviceOutput>
                  </service>
                  <link id="lnwiq2zb" targetId="lnwiq2za"/>
                  <events>
                     <catch faultField="temp.mt_data_availability_check/fault"
                            id="lnwiq2y5"
                            interrupting="true"
                            name="error">
                        <suspend/>
                     </catch>
                     <catch faultField="temp.mt_data_availability_check/fault"
                            id="lnwiq2y6"
                            interrupting="true"
                            name="warning"/>
                  </events>
               </eventContainer>
               <container id="lnwiq2za" type="exclusive">
                  <title>Decision 1</title>
                  <flow id="lnwiq2ze">
                     <service id="lnwiq31c">
                        <title>Notification Task 1</title>
                        <serviceName>emailNotificationService</serviceName>
                        <serviceGUID/>
                        <serviceInput>
                           <parameter name="Email To" source="constant">nic.iics18@rediffmail.com</parameter>
                           <parameter name="Email Cc" source="constant"/>
                           <parameter name="Email Bcc" source="constant"/>
                           <parameter name="Email Subject" source="constant">Data is available on the table Employees1</parameter>
                           <parameter name="Email Content Type" source="constant">text</parameter>
                           <parameter name="Email Body" source="constant"/>
                        </serviceInput>
                        <serviceOutput/>
                        <link id="lnwiq31d" targetId="lnwiq30j"/>
                     </service>
                     <eventContainer id="lnwiq30j">
                        <service id="lnwiq2zv">
                           <title>Data Task 1</title>
                           <serviceName>ICSExecuteDataTask</serviceName>
                           <serviceGUID/>
                           <serviceInput>
                              <parameter name="Wait for Task to Complete" source="constant" updatable="true">true</parameter>
                              <parameter name="Max Wait" source="constant" updatable="true">604800</parameter>
                              <parameter name="Task Name" source="constant" updatable="true">mt_Data_load_Employees1</parameter>
                              <parameter name="GUID" source="constant" updatable="true">8QaBCJKr3zZivvIA31VoEx</parameter>
                              <parameter name="Task Type" source="constant" updatable="true">MCT</parameter>
                              <parameter name="Has Inout Parameters" source="constant" updatable="true">false</parameter>
                              <parameter name="taskField" source="nested">
                                 <operation source="field" to="mt-Data-load-Employees1">temp.Data Task 1</operation>
                              </parameter>
                           </serviceInput>
                           <serviceOutput>
                              <operation source="field" to="temp.Data Task 1/output/Object_Name">Object Name</operation>
                              <operation source="field" to="temp.Data Task 1/output/Run_Id">Run Id</operation>
                              <operation source="field" to="temp.Data Task 1/output/Log_Id">Log Id</operation>
                              <operation source="field" to="temp.Data Task 1/output/Task_Id">Task Id</operation>
                              <operation source="field" to="temp.Data Task 1/output/Task_Status">Task Status</operation>
                              <operation source="field" to="temp.Data Task 1/output/Success_Source_Rows">Success Source Rows</operation>
                              <operation source="field" to="temp.Data Task 1/output/Failed_Source_Rows">Failed Source Rows</operation>
                              <operation source="field" to="temp.Data Task 1/output/Success_Target_Rows">Success Target Rows</operation>
                              <operation source="field" to="temp.Data Task 1/output/Failed_Target_Rows">Failed Target Rows</operation>
                              <operation source="field" to="temp.Data Task 1/output/Start_Time">Start Time</operation>
                              <operation source="field" to="temp.Data Task 1/output/End_Time">End Time</operation>
                              <operation source="field" to="temp.Data Task 1/output/Error_Message">Error Message</operation>
                              <operation source="field" to="temp.Data Task 1/output/TotalTransErrors">Total Transformation Errors</operation>
                              <operation source="field" to="temp.Data Task 1/output/FirstErrorCode">First Error Code</operation>
                           </serviceOutput>
                        </service>
                        <link id="lnwiq35x" targetId="lnwiq35w"/>
                        <events>
                           <catch faultField="temp.Data Task 1/fault"
                                  id="lnwiq30h"
                                  interrupting="true"
                                  name="error">
                              <suspend/>
                           </catch>
                           <catch faultField="temp.Data Task 1/fault"
                                  id="lnwiq30i"
                                  interrupting="true"
                                  name="warning"/>
                        </events>
                     </eventContainer>
                     <subflow id="lnwiq35w">
                        <title>tf_Single_Task</title>
                        <subflowGUID>4VFR32cFM29f6QbQCSWemW</subflowGUID>
                        <subflowPath>tf_Single_Task</subflowPath>
                        <runForEach>false</runForEach>
                        <input/>
                        <outputDef/>
                        <link id="lnwiq366" targetId="lnwiq365"/>
                     </subflow>
                     <end id="lnwiq365"/>
                  </flow>
                  <flow id="lnwiq2zh">
                     <assignment id="lnwiq337">
                        <title>Assignment 1</title>
                        <operation source="formula" to="output.cnt">
                           <expression language="XQuery">$output.cnt + 1</expression>
                        </operation>
                        <link id="lnwiq338" targetId="lnwiq31s"/>
                     </assignment>
                     <service id="lnwiq31s">
                        <title>Notification Task 2</title>
                        <serviceName>emailNotificationService</serviceName>
                        <serviceGUID/>
                        <serviceInput>
                           <parameter name="Email To" source="constant">nic.iics18@rediffmail.com</parameter>
                           <parameter name="Email Cc" source="constant"/>
                           <parameter name="Email Bcc" source="constant"/>
                           <parameter name="Email Subject" source="constant">No data in the source table, Re-Try one more time</parameter>
                           <parameter name="Email Content Type" source="constant">text</parameter>
                           <parameter name="Email Body" source="constant">&lt;p&gt;&amp;nbsp;&lt;/p&gt;
&lt;p&gt;&amp;nbsp;&lt;/p&gt;
&lt;p&gt;The count: {$output.cnt}&lt;/p&gt;</parameter>
                        </serviceInput>
                        <serviceOutput/>
                        <link id="lnwiq32u" targetId="lnwiq32t"/>
                     </service>
                     <wait id="lnwiq32t">
                        <title>Wait 1</title>
                        <duration source="formula">
                           <function name="duration_expression">
                              <arg name="value">1</arg>
                              <arg name="scale">M</arg>
                              <arg name="businessDays"/>
                           </function>
                        </duration>
                        <link id="lnwiq34d" targetId="lnwiq34c"/>
                     </wait>
                     <container id="lnwiq34c" type="exclusive">
                        <title>Decision 2</title>
                        <flow id="lnwiq34g">
                           <service id="lnwiq35b">
                              <title>Notification Task 3</title>
                              <serviceName>emailNotificationService</serviceName>
                              <serviceGUID/>
                              <serviceInput>
                                 <parameter name="Email To" source="constant">nic.iics18@rediffmail.com</parameter>
                                 <parameter name="Email Cc" source="constant"/>
                                 <parameter name="Email Bcc" source="constant"/>
                                 <parameter name="Email Subject" source="constant">No data in the source, even after 3 attempts</parameter>
                                 <parameter name="Email Content Type" source="constant">text</parameter>
                                 <parameter name="Email Body" source="constant"/>
                              </serviceInput>
                              <serviceOutput/>
                              <link id="lnwiq35c" targetId="lnwiq351"/>
                           </service>
                           <throw id="lnwiq351">
                              <title>Throw 1</title>
                              <throwInput>
                                 <parameter name="code" source="field" updatable="true">temp.mt_data_availability_check[1]/fault[1]/code</parameter>
                                 <parameter name="detail" source="field" updatable="true">temp.mt_data_availability_check[1]/fault[1]/detail</parameter>
                                 <parameter name="reason" source="field" updatable="true">temp.mt_data_availability_check[1]/fault[1]/reason</parameter>
                              </throwInput>
                           </throw>
                        </flow>
                        <flow id="lnwiq34j">
                           <jumpTo id="lnwiq355">
                              <link id="lnwiq356" targetId="lnwiq2y7"/>
                           </jumpTo>
                        </flow>
                        <link id="lnwiq34f" targetId="lnwiq34g" type="containerLink">
                           <condition source="formula">
                              <function name="greater-than">
                                 <arg name="left">{$output.cnt}</arg>
                                 <arg name="right">{2}</arg>
                              </function>
                           </condition>
                        </link>
                        <link id="lnwiq34i" targetId="lnwiq34j" type="containerLink"/>
                     </container>
                  </flow>
                  <link id="lnwiq2zd" targetId="lnwiq2ze" type="containerLink">
                     <condition source="formula">
                        <function name="greater-than">
                           <arg name="left">{$temp.mt_data_availability_check[1]/output[1]/Success_Source_Rows}</arg>
                           <arg name="right">{0}</arg>
                        </function>
                     </condition>
                  </link>
                  <link id="lnwiq2zg" targetId="lnwiq2zh" type="containerLink"/>
               </container>
            </flow>
            <dependencies>
               <processObject xmlns="http://schemas.active-endpoints.com/appmodules/screenflow/2011/06/avosHostEnvironment.xsd"
                              displayName="mt-data-availability-check"
                              isByCopy="true"
                              name="mt-data-availability-check">
                  <description/>
                  <tags/>
                  <detail>
                     <field label="TaskProperties Parameters"
                            name="taskProperties"
                            nullable="true"
                            required="false"
                            type="reference"/>
                     <field label="Output Parameters"
                            name="output"
                            nullable="true"
                            required="false"
                            type="reference"/>
                     <field label="Fault"
                            name="fault"
                            nullable="true"
                            required="false"
                            type="reference"/>
                     <field label="Max Wait (Seconds)"
                            name="Max_Wait"
                            nullable="true"
                            required="false"
                            type="int"/>
                  </detail>
               </processObject>
               <processObject xmlns="http://schemas.active-endpoints.com/appmodules/screenflow/2011/06/avosHostEnvironment.xsd"
                              displayName="mt-Data-load-Employees1"
                              isByCopy="true"
                              name="mt-Data-load-Employees1">
                  <description/>
                  <tags/>
                  <detail>
                     <field label="TaskProperties Parameters"
                            name="taskProperties"
                            nullable="true"
                            required="false"
                            type="reference"/>
                     <field label="Output Parameters"
                            name="output"
                            nullable="true"
                            required="false"
                            type="reference"/>
                     <field label="Fault"
                            name="fault"
                            nullable="true"
                            required="false"
                            type="reference"/>
                     <field label="Max Wait (Seconds)"
                            name="Max_Wait"
                            nullable="true"
                            required="false"
                            type="int"/>
                  </detail>
               </processObject>
               <processObject xmlns="http://schemas.active-endpoints.com/appmodules/screenflow/2011/06/avosHostEnvironment.xsd"
                              displayName="InternalInfaSubTaskflowField"
                              isByCopy="true"
                              name="InternalInfaSubTaskflowField">
                  <description>This process object represents a subtaskflow type reference field.</description>
                  <tags/>
                  <detail/>
               </processObject>
            </dependencies>
         </taskflow>
      </types1:Entry>
      <types1:GUID>0icg7qcF8k0hI7CoQ4IGoS</types1:GUID>
      <types1:DisplayName>tf_data_availability</types1:DisplayName>
   </types1:Item>
   <types1:CurrentServerDateTime>2023-10-22T13:39:51.98Z</types1:CurrentServerDateTime>
</aetgt:getResponse>
