<aetgt:getResponse xmlns:aetgt="http://schemas.active-endpoints.com/appmodules/repository/2010/10/avrepository.xsd"
                   xmlns:types1="http://schemas.active-endpoints.com/appmodules/repository/2010/10/avrepository.xsd">
   <types1:Item>
      <types1:EntryId>k7KsqeErhNzUzeA-gt-26013596-2023-10-18T01:57:28.171Z::tf.xml</types1:EntryId>
      <types1:Name>tf_Parallel_Taskflow1</types1:Name>
      <types1:MimeType>application/xml+taskflow</types1:MimeType>
      <types1:Description/>
      <types1:AppliesTo/>
      <types1:Tags/>
      <types1:VersionLabel>1.0</types1:VersionLabel>
      <types1:State>CURRENT</types1:State>
      <types1:ProcessGroup/>
      <types1:CreatedBy>vemegod241@elixirsd.com</types1:CreatedBy>
      <types1:CreationDate>2023-10-18T01:57:28Z</types1:CreationDate>
      <types1:ModifiedBy>vemegod241@elixirsd.com</types1:ModifiedBy>
      <types1:ModificationDate>2023-10-18T02:12:21Z</types1:ModificationDate>
      <types1:PublicationStatus>published</types1:PublicationStatus>
      <types1:PublishedBy>vemegod241@elixirsd.com</types1:PublishedBy>
      <types1:PublicationDate>2023-10-18T02:12:34Z</types1:PublicationDate>
      <types1:PublishedContributionId>project:/tf.tf_Parallel_Taskflow1/tf_Parallel_Taskflow1.tf.xml</types1:PublishedContributionId>
      <types1:AutosaveExists>false</types1:AutosaveExists>
      <types1:Entry>
         <taskflow xmlns="http://schemas.active-endpoints.com/appmodules/screenflow/2010/10/avosScreenflow.xsd"
                   xmlns:tfm="http://schemas.active-endpoints.com/appmodules/screenflow/2021/04/taskflowModel.xsd"
                   xmlns:list="urn:activevos:spi:list:functions"
                   displayName="tf_Parallel_Taskflow1"
                   name="tf_Parallel_Taskflow1"
                   overrideAPIName="false">
            <parameterSet xmlns="http://schemas.active-endpoints.com/appmodules/screenflow/2021/04/taskflowModel.xsd"/>
            <appliesTo/>
            <description/>
            <tags/>
            <generator>Informatica Process Designer 11</generator>
            <tempFields>
               <field description="" name="mt_Expression_Macros" type="reference">
                  <options>
                     <option name="referenceTo">$po:mt-Expression-Macros</option>
                  </options>
               </field>
               <field description="" name="mt_source_Transformation" type="reference">
                  <options>
                     <option name="referenceTo">$po:mt-source-Transformation</option>
                  </options>
               </field>
               <field description="" name="Data Task 1" type="reference">
                  <options>
                     <option name="failOnNotRun">false</option>
                     <option name="failOnFault">false</option>
                     <option name="referenceTo">$po:mt-Sequence-Generator</option>
                  </options>
               </field>
            </tempFields>
            <notes/>
            <deployment skipIfRunning="false" suspendOnFault="false" tracingLevel="verbose">
               <rest/>
            </deployment>
            <flow id="a">
               <start id="b">
                  <link id="j3wg4fhg" targetId="j3wg4fhf"/>
               </start>
               <container id="j3wg4fhf" type="parallel">
                  <title>Parallel Paths 1</title>
                  <flow id="j3wg4fhj">
                     <eventContainer id="lnv3p1cr">
                        <service id="j3wg4fhu">
                           <title>mt_Expression_Macros</title>
                           <serviceName>ICSExecuteDataTask</serviceName>
                           <serviceGUID/>
                           <serviceInput>
                              <parameter name="Wait for Task to Complete" source="constant" updatable="true">true</parameter>
                              <parameter name="Max Wait" source="constant" updatable="true">604800</parameter>
                              <parameter name="Task Name" source="constant" updatable="true">mt_Expression_Macros</parameter>
                              <parameter name="GUID" source="constant" updatable="true">8J7NjUUGlcWeNb8i9rs3ww</parameter>
                              <parameter name="Task Type" source="constant" updatable="true">MCT</parameter>
                              <parameter name="Has Inout Parameters" source="constant" updatable="true">false</parameter>
                              <parameter name="taskField" source="nested">
                                 <operation source="field" to="mt-Expression-Macros">temp.mt_Expression_Macros</operation>
                              </parameter>
                           </serviceInput>
                           <serviceOutput>
                              <operation source="field" to="temp.mt_Expression_Macros/output/Object_Name">Object Name</operation>
                              <operation source="field" to="temp.mt_Expression_Macros/output/Run_Id">Run Id</operation>
                              <operation source="field" to="temp.mt_Expression_Macros/output/Log_Id">Log Id</operation>
                              <operation source="field" to="temp.mt_Expression_Macros/output/Task_Id">Task Id</operation>
                              <operation source="field" to="temp.mt_Expression_Macros/output/Task_Status">Task Status</operation>
                              <operation source="field"
                                         to="temp.mt_Expression_Macros/output/Success_Source_Rows">Success Source Rows</operation>
                              <operation source="field" to="temp.mt_Expression_Macros/output/Failed_Source_Rows">Failed Source Rows</operation>
                              <operation source="field"
                                         to="temp.mt_Expression_Macros/output/Success_Target_Rows">Success Target Rows</operation>
                              <operation source="field" to="temp.mt_Expression_Macros/output/Failed_Target_Rows">Failed Target Rows</operation>
                              <operation source="field" to="temp.mt_Expression_Macros/output/Start_Time">Start Time</operation>
                              <operation source="field" to="temp.mt_Expression_Macros/output/End_Time">End Time</operation>
                              <operation source="field" to="temp.mt_Expression_Macros/output/Error_Message">Error Message</operation>
                              <operation source="field" to="temp.mt_Expression_Macros/output/TotalTransErrors">Total Transformation Errors</operation>
                              <operation source="field" to="temp.mt_Expression_Macros/output/FirstErrorCode">First Error Code</operation>
                           </serviceOutput>
                        </service>
                        <events>
                           <catch faultField="temp.mt_Expression_Macros/fault"
                                  id="lnv3p1cp"
                                  interrupting="true"
                                  name="error">
                              <suspend/>
                           </catch>
                           <catch faultField="temp.mt_Expression_Macros/fault"
                                  id="lnv3p1cq"
                                  interrupting="true"
                                  name="warning"/>
                        </events>
                     </eventContainer>
                     <link id="j3wg4fhk" targetId="j3wg4fhf" type="containerLink"/>
                  </flow>
                  <flow id="j3wg4fhm">
                     <eventContainer id="lnv3p1el">
                        <service id="j3wg4fi4">
                           <title>mt_source_Transformation</title>
                           <serviceName>ICSExecuteDataTask</serviceName>
                           <serviceGUID/>
                           <serviceInput>
                              <parameter name="Wait for Task to Complete" source="constant" updatable="true">true</parameter>
                              <parameter name="Max Wait" source="constant" updatable="true">604800</parameter>
                              <parameter name="Task Name" source="constant" updatable="true">mt_source_Transformation</parameter>
                              <parameter name="GUID" source="constant" updatable="true">7cPrTOGfYwplqLTBHDUemV</parameter>
                              <parameter name="Task Type" source="constant" updatable="true">MCT</parameter>
                              <parameter name="Has Inout Parameters" source="constant" updatable="true">false</parameter>
                              <parameter name="taskField" source="nested">
                                 <operation source="field" to="mt-source-Transformation">temp.mt_source_Transformation</operation>
                              </parameter>
                           </serviceInput>
                           <serviceOutput>
                              <operation source="field" to="temp.mt_source_Transformation/output/Object_Name">Object Name</operation>
                              <operation source="field" to="temp.mt_source_Transformation/output/Run_Id">Run Id</operation>
                              <operation source="field" to="temp.mt_source_Transformation/output/Log_Id">Log Id</operation>
                              <operation source="field" to="temp.mt_source_Transformation/output/Task_Id">Task Id</operation>
                              <operation source="field" to="temp.mt_source_Transformation/output/Task_Status">Task Status</operation>
                              <operation source="field"
                                         to="temp.mt_source_Transformation/output/Success_Source_Rows">Success Source Rows</operation>
                              <operation source="field"
                                         to="temp.mt_source_Transformation/output/Failed_Source_Rows">Failed Source Rows</operation>
                              <operation source="field"
                                         to="temp.mt_source_Transformation/output/Success_Target_Rows">Success Target Rows</operation>
                              <operation source="field"
                                         to="temp.mt_source_Transformation/output/Failed_Target_Rows">Failed Target Rows</operation>
                              <operation source="field" to="temp.mt_source_Transformation/output/Start_Time">Start Time</operation>
                              <operation source="field" to="temp.mt_source_Transformation/output/End_Time">End Time</operation>
                              <operation source="field" to="temp.mt_source_Transformation/output/Error_Message">Error Message</operation>
                              <operation source="field"
                                         to="temp.mt_source_Transformation/output/TotalTransErrors">Total Transformation Errors</operation>
                              <operation source="field" to="temp.mt_source_Transformation/output/FirstErrorCode">First Error Code</operation>
                           </serviceOutput>
                        </service>
                        <events>
                           <catch faultField="temp.mt_source_Transformation/fault"
                                  id="lnv3p1ej"
                                  interrupting="true"
                                  name="error">
                              <suspend/>
                           </catch>
                           <catch faultField="temp.mt_source_Transformation/fault"
                                  id="lnv3p1ek"
                                  interrupting="true"
                                  name="warning"/>
                        </events>
                     </eventContainer>
                     <link id="j3wg4fhn" targetId="j3wg4fhf" type="containerLink"/>
                  </flow>
                  <flow id="lnv3p1fy">
                     <eventContainer id="lnv3p1gu">
                        <service id="lnv3p1g5">
                           <title>Data Task 1</title>
                           <serviceName>ICSExecuteDataTask</serviceName>
                           <serviceGUID/>
                           <serviceInput>
                              <parameter name="Wait for Task to Complete" source="constant" updatable="true">true</parameter>
                              <parameter name="Max Wait" source="constant" updatable="true">604800</parameter>
                              <parameter name="Task Name" source="constant" updatable="true">mt_Sequence_Generator</parameter>
                              <parameter name="GUID" source="constant" updatable="true">1zXu8x4t1cZjSNoeNcQzwK</parameter>
                              <parameter name="Task Type" source="constant" updatable="true">MCT</parameter>
                              <parameter name="Has Inout Parameters" source="constant" updatable="true">false</parameter>
                              <parameter name="taskField" source="nested">
                                 <operation source="field" to="mt-Sequence-Generator">temp.Data Task 1</operation>
                              </parameter>
                           </serviceInput>
                           <serviceOutput>
                              <operation source="field" to="temp.Data Task 1/output/Object_Name">Object Name</operation>
                              <operation source="field" to="temp.Data Task 1/output/Run_Id">Run Id</operation>
                              <operation source="field" to="temp.Data Task 1/output/Log_Id">Log Id</operation>
                              <operation source="field" to="temp.Data Task 1/output/Task_Id">Task Id</operation>
                              <operation source="field" to="temp.Data Task 1/output/Task_Status">Task Status</operation>
                              <operation source="field" to="temp.Data Task 1/output/Success_Source_Rows">Success Source Rows</operation>
                              <operation source="field" to="temp.Data Task 1/output/Failed_Source_Rows">Failed Source Rows</operation>
                              <operation source="field" to="temp.Data Task 1/output/Success_Target_Rows">Success Target Rows</operation>
                              <operation source="field" to="temp.Data Task 1/output/Failed_Target_Rows">Failed Target Rows</operation>
                              <operation source="field" to="temp.Data Task 1/output/Start_Time">Start Time</operation>
                              <operation source="field" to="temp.Data Task 1/output/End_Time">End Time</operation>
                              <operation source="field" to="temp.Data Task 1/output/Error_Message">Error Message</operation>
                              <operation source="field" to="temp.Data Task 1/output/TotalTransErrors">Total Transformation Errors</operation>
                              <operation source="field" to="temp.Data Task 1/output/FirstErrorCode">First Error Code</operation>
                           </serviceOutput>
                        </service>
                        <events>
                           <catch faultField="temp.Data Task 1/fault"
                                  id="lnv3p1gs"
                                  interrupting="true"
                                  name="error">
                              <suspend/>
                           </catch>
                           <catch faultField="temp.Data Task 1/fault"
                                  id="lnv3p1gt"
                                  interrupting="true"
                                  name="warning"/>
                        </events>
                     </eventContainer>
                     <link id="lnv3p1fz" targetId="j3wg4fhf" type="containerLink"/>
                  </flow>
                  <link id="j3wg4fhi" targetId="j3wg4fhj" type="containerLink"/>
                  <link id="j3wg4fhl" targetId="j3wg4fhm" type="containerLink"/>
                  <link id="lnv3p1ia" targetId="lnv3p1i9"/>
                  <link id="lnv3p1fx" targetId="lnv3p1fy" type="containerLink"/>
               </container>
               <container id="lnv3p1i9" type="exclusive">
                  <title>Decision 1</title>
                  <flow id="lnv3p1id">
                     <service id="lnv3p1j8">
                        <title>Notification Task 1</title>
                        <serviceName>emailNotificationService</serviceName>
                        <serviceGUID/>
                        <serviceInput>
                           <parameter name="Email To" source="constant">nic.iics18@rediffmail.com</parameter>
                           <parameter name="Email Cc" source="constant"/>
                           <parameter name="Email Bcc" source="constant"/>
                           <parameter name="Email Subject" source="constant">All the 3 task has been completed successful </parameter>
                           <parameter name="Email Content Type" source="constant">html</parameter>
                           <parameter name="Email Body" source="constant">&lt;p&gt;Hi Team,&amp;nbsp;&lt;/p&gt;
&lt;p&gt;&amp;nbsp;&lt;/p&gt;
&lt;p&gt;All the 3 task has been completed successful&amp;nbsp;&lt;/p&gt;
&lt;p&gt;&amp;nbsp;&lt;/p&gt;
&lt;p&gt;Thanks,&lt;/p&gt;
&lt;p&gt;ETL Team&lt;/p&gt;</parameter>
                        </serviceInput>
                        <serviceOutput/>
                     </service>
                     <link id="lnv3p1ie" targetId="lnv3p1i9" type="containerLink"/>
                  </flow>
                  <flow id="lnv3p1ig">
                     <service id="lnv3p1jm">
                        <title>Notification Task 2</title>
                        <serviceName>emailNotificationService</serviceName>
                        <serviceGUID/>
                        <serviceInput>
                           <parameter name="Email To" source="constant">nic.iics18@rediffmail.com</parameter>
                           <parameter name="Email Cc" source="constant"/>
                           <parameter name="Email Bcc" source="constant"/>
                           <parameter name="Email Subject" source="constant">Some of the task has failed, please check</parameter>
                           <parameter name="Email Content Type" source="constant">html</parameter>
                           <parameter name="Email Body" source="constant">&lt;p&gt;Some of the task has failed, please check&lt;/p&gt;</parameter>
                        </serviceInput>
                        <serviceOutput/>
                     </service>
                     <link id="lnv3p1ih" targetId="lnv3p1i9" type="containerLink"/>
                  </flow>
                  <link id="lnv3p1ic" targetId="lnv3p1id" type="containerLink">
                     <condition source="formula">
                        <function name="string-equals">
                           <arg name="left" source="formula">{if ($temp.mt_Expression_Macros[1]/output[1]/Task_Status = 1 and 
$temp.mt_source_Transformation[1]/output[1]/Task_Status = 1 and 
$temp.DataTask1[1]/output[1]/Task_Status=1) then 'pass' else 'fail'}</arg>
                           <arg name="right">pass</arg>
                        </function>
                     </condition>
                  </link>
                  <link id="lnv3p1if" targetId="lnv3p1ig" type="containerLink"/>
                  <link id="lnv3p1ib" targetId="c"/>
               </container>
               <end id="c"/>
            </flow>
            <dependencies>
               <processObject xmlns="http://schemas.active-endpoints.com/appmodules/screenflow/2011/06/avosHostEnvironment.xsd"
                              displayName="mt-Expression-Macros"
                              isByCopy="true"
                              name="mt-Expression-Macros">
                  <description/>
                  <tags/>
                  <detail>
                     <field label="Input Parameters"
                            name="input"
                            nullable="true"
                            required="false"
                            type="reference"/>
                     <field label="TaskProperties Parameters"
                            name="taskProperties"
                            nullable="true"
                            required="false"
                            type="reference"/>
                     <field label="Output Parameters"
                            name="output"
                            nullable="true"
                            required="false"
                            type="reference"/>
                     <field label="Fault"
                            name="fault"
                            nullable="true"
                            required="false"
                            type="reference"/>
                     <field label="Max Wait (Seconds)"
                            name="Max_Wait"
                            nullable="true"
                            required="false"
                            type="int"/>
                  </detail>
               </processObject>
               <processObject xmlns="http://schemas.active-endpoints.com/appmodules/screenflow/2011/06/avosHostEnvironment.xsd"
                              displayName="mt-source-Transformation"
                              isByCopy="true"
                              name="mt-source-Transformation">
                  <description/>
                  <tags/>
                  <detail>
                     <field label="TaskProperties Parameters"
                            name="taskProperties"
                            nullable="true"
                            required="false"
                            type="reference"/>
                     <field label="Output Parameters"
                            name="output"
                            nullable="true"
                            required="false"
                            type="reference"/>
                     <field label="Fault"
                            name="fault"
                            nullable="true"
                            required="false"
                            type="reference"/>
                     <field label="Max Wait (Seconds)"
                            name="Max_Wait"
                            nullable="true"
                            required="false"
                            type="int"/>
                  </detail>
               </processObject>
               <processObject xmlns="http://schemas.active-endpoints.com/appmodules/screenflow/2011/06/avosHostEnvironment.xsd"
                              displayName="mt-Sequence-Generator"
                              isByCopy="true"
                              name="mt-Sequence-Generator">
                  <description/>
                  <tags/>
                  <detail>
                     <field label="TaskProperties Parameters"
                            name="taskProperties"
                            nullable="true"
                            required="false"
                            type="reference"/>
                     <field label="Output Parameters"
                            name="output"
                            nullable="true"
                            required="false"
                            type="reference"/>
                     <field label="Fault"
                            name="fault"
                            nullable="true"
                            required="false"
                            type="reference"/>
                     <field label="Max Wait (Seconds)"
                            name="Max_Wait"
                            nullable="true"
                            required="false"
                            type="int"/>
                  </detail>
               </processObject>
            </dependencies>
         </taskflow>
      </types1:Entry>
      <types1:GUID>25xD9D8bLK6kbGumUrPPwJ</types1:GUID>
      <types1:DisplayName>tf_Parallel_Taskflow1</types1:DisplayName>
   </types1:Item>
   <types1:CurrentServerDateTime>2023-10-22T13:39:51.847Z</types1:CurrentServerDateTime>
</aetgt:getResponse>
