<aetgt:getResponse xmlns:aetgt="http://schemas.active-endpoints.com/appmodules/repository/2010/10/avrepository.xsd"
                   xmlns:types1="http://schemas.active-endpoints.com/appmodules/repository/2010/10/avrepository.xsd">
   <types1:Item>
      <types1:EntryId>oY2G7QnG5YLnzYL-gt-26024875-2023-10-18T02:28:24.241Z::tf.xml</types1:EntryId>
      <types1:Name>tf_Source_Taskflow</types1:Name>
      <types1:MimeType>application/xml+taskflow</types1:MimeType>
      <types1:Description/>
      <types1:AppliesTo/>
      <types1:Tags/>
      <types1:VersionLabel>1.0</types1:VersionLabel>
      <types1:State>CURRENT</types1:State>
      <types1:ProcessGroup/>
      <types1:CreatedBy>vemegod241@elixirsd.com</types1:CreatedBy>
      <types1:CreationDate>2023-10-18T02:28:24Z</types1:CreationDate>
      <types1:ModifiedBy>vemegod241@elixirsd.com</types1:ModifiedBy>
      <types1:ModificationDate>2023-10-18T02:45:29Z</types1:ModificationDate>
      <types1:PublicationStatus>published</types1:PublicationStatus>
      <types1:PublishedBy>vemegod241@elixirsd.com</types1:PublishedBy>
      <types1:PublicationDate>2023-10-18T02:45:36Z</types1:PublicationDate>
      <types1:PublishedContributionId>project:/tf.tf_Source_Taskflow/tf_Source_Taskflow.tf.xml</types1:PublishedContributionId>
      <types1:AutosaveExists>false</types1:AutosaveExists>
      <types1:Entry>
         <taskflow xmlns="http://schemas.active-endpoints.com/appmodules/screenflow/2010/10/avosScreenflow.xsd"
                   xmlns:tfm="http://schemas.active-endpoints.com/appmodules/screenflow/2021/04/taskflowModel.xsd"
                   xmlns:list="urn:activevos:spi:list:functions"
                   displayName="tf_Source_Taskflow"
                   name="tf_Source_Taskflow"
                   overrideAPIName="false">
            <parameterSet xmlns="http://schemas.active-endpoints.com/appmodules/screenflow/2021/04/taskflowModel.xsd"/>
            <appliesTo/>
            <description/>
            <tags/>
            <generator>Informatica Process Designer 11</generator>
            <tempFields>
               <field description="" name="Data Task 1" type="reference">
                  <options>
                     <option name="failOnNotRun">false</option>
                     <option name="failOnFault">false</option>
                     <option name="referenceTo">$po:mt-Sequence-Generator</option>
                  </options>
               </field>
               <field description="" name="cmd_touch_file" type="reference">
                  <options>
                     <option name="referenceTo">$po:INFA-commandTask</option>
                     <option name="failOnNotRun">false</option>
                     <option name="failOnFault">false</option>
                  </options>
               </field>
            </tempFields>
            <notes/>
            <deployment skipIfRunning="false" suspendOnFault="false" tracingLevel="verbose">
               <rest/>
            </deployment>
            <flow id="a">
               <start id="b">
                  <link id="lnv4ik9b" targetId="lnv4ik9y"/>
               </start>
               <eventContainer id="lnv4ik9y">
                  <service id="lnv4ik9a">
                     <title>Data Task 1</title>
                     <serviceName>ICSExecuteDataTask</serviceName>
                     <serviceGUID/>
                     <serviceInput>
                        <parameter name="Wait for Task to Complete" source="constant" updatable="true">true</parameter>
                        <parameter name="Max Wait" source="constant" updatable="true">604800</parameter>
                        <parameter name="Task Name" source="constant" updatable="true">mt_Sequence_Generator</parameter>
                        <parameter name="GUID" source="constant" updatable="true">1zXu8x4t1cZjSNoeNcQzwK</parameter>
                        <parameter name="Task Type" source="constant" updatable="true">MCT</parameter>
                        <parameter name="Has Inout Parameters" source="constant" updatable="true">false</parameter>
                        <parameter name="taskField" source="nested">
                           <operation source="field" to="mt-Sequence-Generator">temp.Data Task 1</operation>
                        </parameter>
                     </serviceInput>
                     <serviceOutput>
                        <operation source="field" to="temp.Data Task 1/output/Object_Name">Object Name</operation>
                        <operation source="field" to="temp.Data Task 1/output/Run_Id">Run Id</operation>
                        <operation source="field" to="temp.Data Task 1/output/Log_Id">Log Id</operation>
                        <operation source="field" to="temp.Data Task 1/output/Task_Id">Task Id</operation>
                        <operation source="field" to="temp.Data Task 1/output/Task_Status">Task Status</operation>
                        <operation source="field" to="temp.Data Task 1/output/Success_Source_Rows">Success Source Rows</operation>
                        <operation source="field" to="temp.Data Task 1/output/Failed_Source_Rows">Failed Source Rows</operation>
                        <operation source="field" to="temp.Data Task 1/output/Success_Target_Rows">Success Target Rows</operation>
                        <operation source="field" to="temp.Data Task 1/output/Failed_Target_Rows">Failed Target Rows</operation>
                        <operation source="field" to="temp.Data Task 1/output/Start_Time">Start Time</operation>
                        <operation source="field" to="temp.Data Task 1/output/End_Time">End Time</operation>
                        <operation source="field" to="temp.Data Task 1/output/Error_Message">Error Message</operation>
                        <operation source="field" to="temp.Data Task 1/output/TotalTransErrors">Total Transformation Errors</operation>
                        <operation source="field" to="temp.Data Task 1/output/FirstErrorCode">First Error Code</operation>
                     </serviceOutput>
                  </service>
                  <flow id="lnv4ikcf">
                     <link id="lnv4ikcg" targetId="lnv4ik9y" type="containerLink"/>
                  </flow>
                  <flow id="lnv4ikci">
                     <service id="lnv4ikcu">
                        <title>Notification Task 1</title>
                        <serviceName>emailNotificationService</serviceName>
                        <serviceGUID/>
                        <serviceInput>
                           <parameter name="Email To" source="constant">nic.iics18@rediffmail.com</parameter>
                           <parameter name="Email Cc" source="constant"/>
                           <parameter name="Email Bcc" source="constant"/>
                           <parameter name="Email Subject" source="constant">The task is running more than 10 seconds, please check</parameter>
                           <parameter name="Email Content Type" source="constant">text</parameter>
                           <parameter name="Email Body" source="constant"/>
                        </serviceInput>
                        <serviceOutput/>
                        <link id="lnv4ikcv" targetId="lnv4ikcm"/>
                     </service>
                     <end id="lnv4ikcm">
                        <title>End</title>
                     </end>
                  </flow>
                  <link id="lnv4ikce" targetId="lnv4ikcf" type="containerLink"/>
                  <link id="lnv4ikak" targetId="lnv4ikbg"/>
                  <events>
                     <timer id="lnv4ikcd">
                        <duration source="formula">
                           <function name="duration_expression">
                              <arg name="value">20</arg>
                              <arg name="scale">S</arg>
                              <arg name="businessDays"/>
                           </function>
                        </duration>
                        <link id="lnv4ikch" targetId="lnv4ikci" type="containerLink"/>
                     </timer>
                     <catch faultField="temp.Data Task 1/fault"
                            id="lnv4ik9w"
                            interrupting="true"
                            name="error">
                        <suspend/>
                     </catch>
                     <catch faultField="temp.Data Task 1/fault"
                            id="lnv4ik9x"
                            interrupting="true"
                            name="warning"/>
                  </events>
               </eventContainer>
               <eventContainer id="lnv4ikbg">
                  <service id="lnv4ikaj">
                     <title>cmd_touch_file</title>
                     <serviceName>ICSExecuteCommandTask</serviceName>
                     <serviceGUID/>
                     <serviceInput>
                        <parameter name="Task Name" source="constant">cmd_touch_file</parameter>
                        <parameter name="Wait for Task to Complete" source="constant">true</parameter>
                        <parameter name="Runtime Environment" source="constant">012BEE25000000000002:NIC</parameter>
                        <parameter name="Max Wait" source="constant">86400</parameter>
                        <parameter name="Script Name" source="constant"/>
                        <parameter name="Input Arguments" source="constant"/>
                        <parameter name="Work Directory" source="constant"/>
                        <parameter name="RuntimeEnvGUID" source="constant">1D03DipgXBbkDsHw4uvdUE</parameter>
                        <parameter name="FailTaskIfAnyScriptFails" source="constant">false</parameter>
                        <parameter name="taskField" source="nested">
                           <operation source="field" to="INFA-commandTask">temp.Command Task 1</operation>
                           <operation source="constant" to="INFA-commandTask/input[1]/script-1/name">Script1</operation>
                           <operation source="constant" to="INFA-commandTask/input[1]/script-1/scriptName">C:\Src_Files\command.bat</operation>
                           <operation source="constant"
                                      to="INFA-commandTask/input[1]/script-1/inputArguments"/>
                           <operation source="constant" to="INFA-commandTask/input[1]/script-1/workDir"/>
                        </parameter>
                     </serviceInput>
                     <serviceOutput>
                        <operation source="field" to="temp.cmd_touch_file/output/Run_Id">Run Id</operation>
                        <operation source="field" to="temp.cmd_touch_file/output/Start_Time">Start Time</operation>
                        <operation source="field" to="temp.cmd_touch_file/output/End_Time">End Time</operation>
                        <operation source="field" to="temp.cmd_touch_file/output/Exit_Code">Exit Code</operation>
                        <operation source="field" to="temp.cmd_touch_file/output/Execution_Status">Execution Status</operation>
                        <operation source="field" to="temp.cmd_touch_file/output/Std_Error">Std Error</operation>
                     </serviceOutput>
                  </service>
                  <link id="lnv4ikal" targetId="c"/>
                  <events>
                     <catch faultField="temp.cmd_touch_file/fault"
                            id="lnv4ikbf"
                            interrupting="true"
                            name="error">
                        <suspend/>
                     </catch>
                  </events>
               </eventContainer>
               <end id="c"/>
            </flow>
            <dependencies>
               <processObject xmlns="http://schemas.active-endpoints.com/appmodules/screenflow/2011/06/avosHostEnvironment.xsd"
                              displayName="mt-Sequence-Generator"
                              isByCopy="true"
                              name="mt-Sequence-Generator">
                  <description/>
                  <tags/>
                  <detail>
                     <field label="TaskProperties Parameters"
                            name="taskProperties"
                            nullable="true"
                            required="false"
                            type="reference"/>
                     <field label="Output Parameters"
                            name="output"
                            nullable="true"
                            required="false"
                            type="reference"/>
                     <field label="Fault"
                            name="fault"
                            nullable="true"
                            required="false"
                            type="reference"/>
                     <field label="Max Wait (Seconds)"
                            name="Max_Wait"
                            nullable="true"
                            required="false"
                            type="int"/>
                  </detail>
               </processObject>
               <processObject xmlns="http://schemas.active-endpoints.com/appmodules/screenflow/2011/06/avosHostEnvironment.xsd"
                              displayName="INFA-commandTask"
                              isByCopy="true"
                              name="INFA-commandTask">
                  <description>This process object represents a taskflow specific command task output field details.</description>
                  <tags/>
                  <detail>
                     <field label="Output Parameters"
                            name="output"
                            nullable="true"
                            required="false"
                            type="reference"/>
                     <field label="Fault"
                            name="fault"
                            nullable="true"
                            required="false"
                            type="reference"/>
                  </detail>
               </processObject>
            </dependencies>
         </taskflow>
      </types1:Entry>
      <types1:GUID>49kf8PSSTgMiEFZ4qZ2RuJ</types1:GUID>
      <types1:DisplayName>tf_Source_Taskflow</types1:DisplayName>
   </types1:Item>
   <types1:CurrentServerDateTime>2023-10-22T13:39:51.932Z</types1:CurrentServerDateTime>
</aetgt:getResponse>
