<aetgt:getResponse xmlns:aetgt="http://schemas.active-endpoints.com/appmodules/repository/2010/10/avrepository.xsd"
                   xmlns:types1="http://schemas.active-endpoints.com/appmodules/repository/2010/10/avrepository.xsd">
   <types1:Item>
      <types1:EntryId>XVXDyvs7xvk0qZF-gt-26012685-2023-10-18T01:53:47.98Z::tf.xml</types1:EntryId>
      <types1:Name>tf_Single_Task</types1:Name>
      <types1:MimeType>application/xml+taskflow</types1:MimeType>
      <types1:Description/>
      <types1:AppliesTo/>
      <types1:Tags/>
      <types1:VersionLabel>1.0</types1:VersionLabel>
      <types1:State>CURRENT</types1:State>
      <types1:ProcessGroup/>
      <types1:CreatedBy>vemegod241@elixirsd.com</types1:CreatedBy>
      <types1:CreationDate>2023-10-18T01:53:48Z</types1:CreationDate>
      <types1:ModifiedBy/>
      <types1:PublicationStatus>published</types1:PublicationStatus>
      <types1:PublishedBy>vemegod241@elixirsd.com</types1:PublishedBy>
      <types1:PublicationDate>2023-10-19T02:06:02Z</types1:PublicationDate>
      <types1:PublishedContributionId>project:/tf.tf_Single_Task/tf_Single_Task.tf.xml</types1:PublishedContributionId>
      <types1:AutosaveExists>false</types1:AutosaveExists>
      <types1:Entry>
         <taskflow xmlns="http://schemas.active-endpoints.com/appmodules/screenflow/2010/10/avosScreenflow.xsd"
                   xmlns:tfm="http://schemas.active-endpoints.com/appmodules/screenflow/2021/04/taskflowModel.xsd"
                   xmlns:list="urn:activevos:spi:list:functions"
                   displayName="tf_Single_Task"
                   name="tf_Single_Task"
                   overrideAPIName="false">
            <parameterSet xmlns="http://schemas.active-endpoints.com/appmodules/screenflow/2021/04/taskflowModel.xsd"/>
            <appliesTo/>
            <description/>
            <tags/>
            <generator>Informatica Process Designer 11</generator>
            <tempFields>
               <field description="" name="mt_Expression_Macros" type="reference">
                  <options>
                     <option name="referenceTo">$po:mt-Expression-Macros</option>
                  </options>
               </field>
            </tempFields>
            <notes/>
            <deployment skipIfRunning="false" suspendOnFault="false" tracingLevel="verbose">
               <rest/>
            </deployment>
            <flow id="a">
               <start id="b">
                  <link id="j3wf4qlz" targetId="lnv3mcoj"/>
               </start>
               <eventContainer id="lnv3mcoj">
                  <service id="j3wf4qly">
                     <title>mt_Expression_Macros</title>
                     <serviceName>ICSExecuteDataTask</serviceName>
                     <serviceGUID/>
                     <serviceInput>
                        <parameter name="Wait for Task to Complete" source="constant" updatable="true">true</parameter>
                        <parameter name="Max Wait" source="constant" updatable="true">604800</parameter>
                        <parameter name="Task Name" source="constant" updatable="true">mt_Expression_Macros</parameter>
                        <parameter name="GUID" source="constant" updatable="true">8J7NjUUGlcWeNb8i9rs3ww</parameter>
                        <parameter name="Task Type" source="constant" updatable="true">MCT</parameter>
                        <parameter name="Has Inout Parameters" source="constant" updatable="true">false</parameter>
                        <parameter name="taskField" source="nested">
                           <operation source="field" to="mt-Expression-Macros">temp.mt_Expression_Macros</operation>
                        </parameter>
                     </serviceInput>
                     <serviceOutput>
                        <operation source="field" to="temp.mt_Expression_Macros/output/Object_Name">Object Name</operation>
                        <operation source="field" to="temp.mt_Expression_Macros/output/Run_Id">Run Id</operation>
                        <operation source="field" to="temp.mt_Expression_Macros/output/Log_Id">Log Id</operation>
                        <operation source="field" to="temp.mt_Expression_Macros/output/Task_Id">Task Id</operation>
                        <operation source="field" to="temp.mt_Expression_Macros/output/Task_Status">Task Status</operation>
                        <operation source="field"
                                   to="temp.mt_Expression_Macros/output/Success_Source_Rows">Success Source Rows</operation>
                        <operation source="field" to="temp.mt_Expression_Macros/output/Failed_Source_Rows">Failed Source Rows</operation>
                        <operation source="field"
                                   to="temp.mt_Expression_Macros/output/Success_Target_Rows">Success Target Rows</operation>
                        <operation source="field" to="temp.mt_Expression_Macros/output/Failed_Target_Rows">Failed Target Rows</operation>
                        <operation source="field" to="temp.mt_Expression_Macros/output/Start_Time">Start Time</operation>
                        <operation source="field" to="temp.mt_Expression_Macros/output/End_Time">End Time</operation>
                        <operation source="field" to="temp.mt_Expression_Macros/output/Error_Message">Error Message</operation>
                        <operation source="field" to="temp.mt_Expression_Macros/output/TotalTransErrors">Total Transformation Errors</operation>
                        <operation source="field" to="temp.mt_Expression_Macros/output/FirstErrorCode">First Error Code</operation>
                     </serviceOutput>
                  </service>
                  <link id="j3wf4qm0" targetId="c"/>
                  <events>
                     <catch faultField="temp.mt_Expression_Macros/fault"
                            id="lnv3mcoh"
                            interrupting="true"
                            name="error">
                        <suspend/>
                     </catch>
                     <catch faultField="temp.mt_Expression_Macros/fault"
                            id="lnv3mcoi"
                            interrupting="true"
                            name="warning"/>
                  </events>
               </eventContainer>
               <end id="c"/>
            </flow>
            <dependencies>
               <processObject xmlns="http://schemas.active-endpoints.com/appmodules/screenflow/2011/06/avosHostEnvironment.xsd"
                              displayName="mt-Expression-Macros"
                              isByCopy="true"
                              name="mt-Expression-Macros">
                  <description/>
                  <tags/>
                  <detail>
                     <field label="Input Parameters"
                            name="input"
                            nullable="true"
                            required="false"
                            type="reference"/>
                     <field label="TaskProperties Parameters"
                            name="taskProperties"
                            nullable="true"
                            required="false"
                            type="reference"/>
                     <field label="Output Parameters"
                            name="output"
                            nullable="true"
                            required="false"
                            type="reference"/>
                     <field label="Fault"
                            name="fault"
                            nullable="true"
                            required="false"
                            type="reference"/>
                     <field label="Max Wait (Seconds)"
                            name="Max_Wait"
                            nullable="true"
                            required="false"
                            type="int"/>
                  </detail>
               </processObject>
            </dependencies>
         </taskflow>
      </types1:Entry>
      <types1:GUID>4VFR32cFM29f6QbQCSWemW</types1:GUID>
      <types1:DisplayName>tf_Single_Task</types1:DisplayName>
   </types1:Item>
   <types1:CurrentServerDateTime>2023-10-22T13:39:51.906Z</types1:CurrentServerDateTime>
</aetgt:getResponse>
